작성자,거래유형,지역,품목,제목,내용,가격,찜수,댓글수,게시일자
waggy_79dd47,판매,부산,옷,[판매] 강아지 장난감 관련 글 #001,급하게 필요해요. 보는 것보다 실물이 더 예뻐요. 직접 보고 결정하셔도 좋아요.,15000,2,3,2024-04-01
doglo_eef156,구매,부산,쿠션,[구매] 강아지 장난감 관련 글 #002,판매합니다. 사용감은 있지만 충분히 쓸만해요. 편하게 연락 주세요~,12000,24,12,2024-04-02
sniff_be4a45,무료나눔,부산,배변패드,[무료나눔] 강아지 이동장 관련 글 #003,"직거래 가능해요. 강아지가 좋아했지만, 더 이상 쓰지 않아서 올려요. 정말 좋은 조건으로 드려요!",0,7,6,2024-04-03
sweet_01bd33,무료나눔,서울,간식,[무료나눔] 강아지 배변패드 관련 글 #004,판매합니다. 필요하신 분께 가면 좋겠어요. 필요하신 분은 댓글이나 DM 주세요.,0,15,3,2024-04-04
waggy_dd4801,판매,부산,장난감,[판매] 강아지 장난감 관련 글 #005,"직거래 가능해요. 강아지가 좋아했지만, 더 이상 쓰지 않아서 올려요. 서로 좋은 거래 되면 좋겠어요 :)",10000,43,16,2024-04-05
snugg_5d0033,구매,부산,배변패드,[구매] 강아지 이동장 관련 글 #006,직거래 가능해요. 필요하신 분께 가면 좋겠어요. 직접 보고 결정하셔도 좋아요.,8000,22,11,2024-04-06
waggy_fc6539,판매,서울,장난감,[판매] 강아지 배변패드 관련 글 #007,직거래 가능해요. 상태는 정말 좋아요. 정성껏 사용했어요. 정말 좋은 조건으로 드려요!,5000,7,16,2024-04-07
sniff_e0b640,판매,인천,목줄,[판매] 강아지 장난감 관련 글 #008,"급하게 필요해요. 강아지가 좋아했지만, 더 이상 쓰지 않아서 올려요. 필요하신 분은 댓글이나 DM 주세요.",12000,7,13,2024-04-08
barkl_dab140,무료나눔,대전,쿠션,[무료나눔] 강아지 이동장 관련 글 #009,무료로 드려요. 상태는 정말 좋아요. 정성껏 사용했어요. 직접 보고 결정하셔도 좋아요.,0,2,14,2024-04-09
barkl_f5b938,무료나눔,경기,쿠션,[무료나눔] 강아지 이동장 관련 글 #010,판매합니다. 보는 것보다 실물이 더 예뻐요. 편하게 연락 주세요~,0,24,14,2024-04-10
snugg_f45970,판매,부산,사료,[판매] 강아지 의류 관련 글 #011,직거래 가능해요. 상태는 정말 좋아요. 정성껏 사용했어요. 정말 좋은 조건으로 드려요!,10000,15,2,2024-04-11
doglo_1ccd62,판매,부산,간식,[판매] 강아지 배변패드 관련 글 #012,무료로 드려요. 상태는 정말 좋아요. 정성껏 사용했어요. 필요하신 분은 댓글이나 DM 주세요.,5000,23,10,2024-04-12
snugg_e16c56,판매,경기,목줄,[판매] 강아지 의류 관련 글 #013,무료로 드려요. 상태는 정말 좋아요. 정성껏 사용했어요. 서로 좋은 거래 되면 좋겠어요 :),20000,40,15,2024-04-13
snugg_d41600,판매,인천,옷,[판매] 강아지 이동장 관련 글 #014,급하게 필요해요. 필요하신 분께 가면 좋겠어요. 편하게 연락 주세요~,8000,47,8,2024-04-14
barkl_259354,무료나눔,부산,사료,[무료나눔] 강아지 의류 관련 글 #015,직거래 가능해요. 필요하신 분께 가면 좋겠어요. 서로 좋은 거래 되면 좋겠어요 :),0,14,2,2024-04-15
waggy_07d228,판매,경기,배변패드,[판매] 강아지 장난감 관련 글 #016,"구매 원해요. 강아지가 좋아했지만, 더 이상 쓰지 않아서 올려요. 정말 좋은 조건으로 드려요!",10000,30,17,2024-04-16
snugg_86aa28,무료나눔,경기,옷,[무료나눔] 강아지 장난감 관련 글 #017,판매합니다. 상태는 정말 좋아요. 정성껏 사용했어요. 정말 좋은 조건으로 드려요!,0,40,1,2024-04-17
puppy_dfd875,판매,부산,배변패드,[판매] 강아지 장난감 관련 글 #018,급하게 필요해요. 필요하신 분께 가면 좋겠어요. 편하게 연락 주세요~,12000,34,14,2024-04-18
sniff_a02655,구매,인천,이동장,[구매] 강아지 이동장 관련 글 #019,판매합니다. 필요하신 분께 가면 좋겠어요. 편하게 연락 주세요~,10000,1,4,2024-04-19
doglo_ea9973,무료나눔,인천,쿠션,[무료나눔] 강아지 의류 관련 글 #020,판매합니다. 보는 것보다 실물이 더 예뻐요. 직접 보고 결정하셔도 좋아요.,0,39,1,2024-04-20
waggy_3cd951,판매,대전,목줄,[판매] 강아지 이동장 관련 글 #021,직거래 가능해요. 필요하신 분께 가면 좋겠어요. 필요하신 분은 댓글이나 DM 주세요.,10000,39,12,2024-04-21
happy_58e279,구매,대전,쿠션,[구매] 강아지 장난감 관련 글 #022,급하게 필요해요. 사용감은 있지만 충분히 쓸만해요. 서로 좋은 거래 되면 좋겠어요 :),20000,28,0,2024-04-22
happy_105903,판매,인천,이동장,[판매] 강아지 사료 관련 글 #023,"구매 원해요. 강아지가 좋아했지만, 더 이상 쓰지 않아서 올려요. 정말 좋은 조건으로 드려요!",20000,35,15,2024-04-23
snugg_e5e619,무료나눔,경기,사료,[무료나눔] 강아지 장난감 관련 글 #024,판매합니다. 사용감은 있지만 충분히 쓸만해요. 필요하신 분은 댓글이나 DM 주세요.,0,10,15,2024-04-24
puppy_079b50,무료나눔,대전,배변패드,[무료나눔] 강아지 장난감 관련 글 #025,무료로 드려요. 사용감은 있지만 충분히 쓸만해요. 필요하신 분은 댓글이나 DM 주세요.,0,37,15,2024-04-25
puppy_4f2869,구매,인천,배변패드,[구매] 강아지 사료 관련 글 #026,판매합니다. 상태는 정말 좋아요. 정성껏 사용했어요. 서로 좋은 거래 되면 좋겠어요 :),8000,15,5,2024-04-26
happy_4c8736,구매,대전,옷,[구매] 강아지 배변패드 관련 글 #027,판매합니다. 보는 것보다 실물이 더 예뻐요. 정말 좋은 조건으로 드려요!,3000,35,3,2024-04-27
barkl_756c52,무료나눔,인천,장난감,[무료나눔] 강아지 장난감 관련 글 #028,"급하게 필요해요. 강아지가 좋아했지만, 더 이상 쓰지 않아서 올려요. 서로 좋은 거래 되면 좋겠어요 :)",0,44,9,2024-04-28
barkl_6d1b05,구매,인천,장난감,[구매] 강아지 배변패드 관련 글 #029,판매합니다. 사용감은 있지만 충분히 쓸만해요. 직접 보고 결정하셔도 좋아요.,20000,12,15,2024-04-29
doglo_902153,판매,서울,사료,[판매] 강아지 배변패드 관련 글 #030,무료로 드려요. 필요하신 분께 가면 좋겠어요. 서로 좋은 거래 되면 좋겠어요 :),15000,48,1,2024-04-30
doglo_dec492,판매,부산,목줄,[판매] 강아지 배변패드 관련 글 #031,급하게 필요해요. 필요하신 분께 가면 좋겠어요. 정말 좋은 조건으로 드려요!,20000,5,17,2024-05-01
puppy_c3e906,구매,대전,쿠션,[구매] 강아지 사료 관련 글 #032,판매합니다. 사용감은 있지만 충분히 쓸만해요. 정말 좋은 조건으로 드려요!,15000,21,10,2024-05-02
sniff_96a048,무료나눔,인천,목줄,[무료나눔] 강아지 장난감 관련 글 #033,판매합니다. 사용감은 있지만 충분히 쓸만해요. 필요하신 분은 댓글이나 DM 주세요.,0,22,18,2024-05-03
barkl_d3e673,판매,서울,장난감,[판매] 강아지 사료 관련 글 #034,"무료로 드려요. 강아지가 좋아했지만, 더 이상 쓰지 않아서 올려요. 편하게 연락 주세요~",12000,16,17,2024-05-04
sniff_9f2274,구매,대전,쿠션,[구매] 강아지 사료 관련 글 #035,판매합니다. 보는 것보다 실물이 더 예뻐요. 필요하신 분은 댓글이나 DM 주세요.,5000,10,2,2024-05-05
snugg_2ee690,무료나눔,대전,이동장,[무료나눔] 강아지 장난감 관련 글 #036,급하게 필요해요. 필요하신 분께 가면 좋겠어요. 정말 좋은 조건으로 드려요!,0,36,13,2024-05-06
doglo_caa650,구매,대전,목줄,[구매] 강아지 사료 관련 글 #037,구매 원해요. 상태는 정말 좋아요. 정성껏 사용했어요. 편하게 연락 주세요~,15000,14,17,2024-05-07
sweet_582f28,판매,부산,배변패드,[판매] 강아지 장난감 관련 글 #038,급하게 필요해요. 상태는 정말 좋아요. 정성껏 사용했어요. 정말 좋은 조건으로 드려요!,20000,46,17,2024-05-08
waggy_78d425,구매,인천,사료,[구매] 강아지 배변패드 관련 글 #039,무료로 드려요. 필요하신 분께 가면 좋겠어요. 편하게 연락 주세요~,10000,28,13,2024-05-09
waggy_559201,판매,인천,이동장,[판매] 강아지 장난감 관련 글 #040,구매 원해요. 사용감은 있지만 충분히 쓸만해요. 서로 좋은 거래 되면 좋겠어요 :),15000,14,6,2024-05-10
sweet_adec91,판매,대전,사료,[판매] 강아지 의류 관련 글 #041,급하게 필요해요. 필요하신 분께 가면 좋겠어요. 편하게 연락 주세요~,5000,44,18,2024-05-11
snugg_657b03,무료나눔,경기,배변패드,[무료나눔] 강아지 배변패드 관련 글 #042,"급하게 필요해요. 강아지가 좋아했지만, 더 이상 쓰지 않아서 올려요. 편하게 연락 주세요~",0,2,14,2024-05-12
sniff_051261,무료나눔,서울,간식,[무료나눔] 강아지 의류 관련 글 #043,"무료로 드려요. 강아지가 좋아했지만, 더 이상 쓰지 않아서 올려요. 필요하신 분은 댓글이나 DM 주세요.",0,26,18,2024-05-13
sweet_95b905,구매,대전,이동장,[구매] 강아지 배변패드 관련 글 #044,급하게 필요해요. 상태는 정말 좋아요. 정성껏 사용했어요. 서로 좋은 거래 되면 좋겠어요 :),8000,46,18,2024-05-14
puppy_864569,무료나눔,대전,이동장,[무료나눔] 강아지 의류 관련 글 #045,직거래 가능해요. 필요하신 분께 가면 좋겠어요. 필요하신 분은 댓글이나 DM 주세요.,0,6,18,2024-05-15
doglo_75d852,구매,경기,이동장,[구매] 강아지 배변패드 관련 글 #046,구매 원해요. 상태는 정말 좋아요. 정성껏 사용했어요. 직접 보고 결정하셔도 좋아요.,12000,5,13,2024-05-16
barkl_b22959,무료나눔,인천,목줄,[무료나눔] 강아지 사료 관련 글 #047,구매 원해요. 상태는 정말 좋아요. 정성껏 사용했어요. 서로 좋은 거래 되면 좋겠어요 :),0,24,3,2024-05-17
waggy_c7b381,판매,서울,간식,[판매] 강아지 장난감 관련 글 #048,"직거래 가능해요. 강아지가 좋아했지만, 더 이상 쓰지 않아서 올려요. 직접 보고 결정하셔도 좋아요.",5000,39,9,2024-05-18
sweet_e8b925,무료나눔,서울,장난감,[무료나눔] 강아지 배변패드 관련 글 #049,급하게 필요해요. 상태는 정말 좋아요. 정성껏 사용했어요. 서로 좋은 거래 되면 좋겠어요 :),0,15,17,2024-05-19
happy_d11e13,무료나눔,경기,장난감,[무료나눔] 강아지 이동장 관련 글 #050,구매 원해요. 상태는 정말 좋아요. 정성껏 사용했어요. 필요하신 분은 댓글이나 DM 주세요.,0,15,9,2024-05-20
sniff_3da450,구매,부산,목줄,[구매] 강아지 사료 관련 글 #051,무료로 드려요. 사용감은 있지만 충분히 쓸만해요. 직접 보고 결정하셔도 좋아요.,20000,21,7,2024-05-21
doglo_fa8988,판매,서울,쿠션,[판매] 강아지 사료 관련 글 #052,구매 원해요. 보는 것보다 실물이 더 예뻐요. 필요하신 분은 댓글이나 DM 주세요.,20000,15,2,2024-05-22
happy_7ae712,구매,서울,옷,[구매] 강아지 사료 관련 글 #053,직거래 가능해요. 상태는 정말 좋아요. 정성껏 사용했어요. 편하게 연락 주세요~,20000,49,4,2024-05-23
puppy_55a389,구매,부산,목줄,[구매] 강아지 사료 관련 글 #054,무료로 드려요. 보는 것보다 실물이 더 예뻐요. 필요하신 분은 댓글이나 DM 주세요.,5000,32,15,2024-05-24
doglo_b4dd14,무료나눔,경기,장난감,[무료나눔] 강아지 장난감 관련 글 #055,직거래 가능해요. 사용감은 있지만 충분히 쓸만해요. 필요하신 분은 댓글이나 DM 주세요.,0,24,10,2024-05-25
puppy_727151,구매,부산,쿠션,[구매] 강아지 사료 관련 글 #056,"급하게 필요해요. 강아지가 좋아했지만, 더 이상 쓰지 않아서 올려요. 서로 좋은 거래 되면 좋겠어요 :)",15000,38,0,2024-05-26
waggy_003158,구매,부산,간식,[구매] 강아지 의류 관련 글 #057,구매 원해요. 필요하신 분께 가면 좋겠어요. 정말 좋은 조건으로 드려요!,5000,25,18,2024-05-27
sweet_8a2710,구매,대전,사료,[구매] 강아지 이동장 관련 글 #058,급하게 필요해요. 필요하신 분께 가면 좋겠어요. 정말 좋은 조건으로 드려요!,5000,1,3,2024-05-28
doglo_f8ff04,무료나눔,경기,쿠션,[무료나눔] 강아지 사료 관련 글 #059,급하게 필요해요. 필요하신 분께 가면 좋겠어요. 서로 좋은 거래 되면 좋겠어요 :),0,10,12,2024-05-29
doglo_2d6e70,판매,경기,목줄,[판매] 강아지 장난감 관련 글 #060,"판매합니다. 강아지가 좋아했지만, 더 이상 쓰지 않아서 올려요. 서로 좋은 거래 되면 좋겠어요 :)",12000,44,10,2024-05-30
happy_5bce46,판매,대전,장난감,[판매] 강아지 장난감 관련 글 #061,직거래 가능해요. 상태는 정말 좋아요. 정성껏 사용했어요. 서로 좋은 거래 되면 좋겠어요 :),3000,19,6,2024-05-31
puppy_b96530,구매,부산,쿠션,[구매] 강아지 장난감 관련 글 #062,"판매합니다. 강아지가 좋아했지만, 더 이상 쓰지 않아서 올려요. 직접 보고 결정하셔도 좋아요.",3000,29,1,2024-06-01
sweet_c5da01,무료나눔,서울,쿠션,[무료나눔] 강아지 의류 관련 글 #063,급하게 필요해요. 필요하신 분께 가면 좋겠어요. 직접 보고 결정하셔도 좋아요.,0,5,6,2024-06-02
waggy_51de50,판매,서울,사료,[판매] 강아지 배변패드 관련 글 #064,판매합니다. 사용감은 있지만 충분히 쓸만해요. 정말 좋은 조건으로 드려요!,10000,24,11,2024-06-03
barkl_587500,판매,대전,목줄,[판매] 강아지 배변패드 관련 글 #065,무료로 드려요. 보는 것보다 실물이 더 예뻐요. 정말 좋은 조건으로 드려요!,5000,24,1,2024-06-04
barkl_59ad88,무료나눔,인천,간식,[무료나눔] 강아지 배변패드 관련 글 #066,급하게 필요해요. 필요하신 분께 가면 좋겠어요. 필요하신 분은 댓글이나 DM 주세요.,0,12,9,2024-06-05
waggy_bbf660,구매,부산,이동장,[구매] 강아지 장난감 관련 글 #067,"판매합니다. 강아지가 좋아했지만, 더 이상 쓰지 않아서 올려요. 정말 좋은 조건으로 드려요!",3000,16,4,2024-06-06
waggy_9b4934,구매,인천,옷,[구매] 강아지 의류 관련 글 #068,직거래 가능해요. 상태는 정말 좋아요. 정성껏 사용했어요. 서로 좋은 거래 되면 좋겠어요 :),10000,21,18,2024-06-07
puppy_d2c325,무료나눔,부산,이동장,[무료나눔] 강아지 사료 관련 글 #069,"구매 원해요. 강아지가 좋아했지만, 더 이상 쓰지 않아서 올려요. 필요하신 분은 댓글이나 DM 주세요.",0,42,17,2024-06-08
barkl_689a48,무료나눔,서울,간식,[무료나눔] 강아지 장난감 관련 글 #070,무료로 드려요. 필요하신 분께 가면 좋겠어요. 직접 보고 결정하셔도 좋아요.,0,11,10,2024-06-09
happy_9e6752,구매,인천,쿠션,[구매] 강아지 배변패드 관련 글 #071,직거래 가능해요. 상태는 정말 좋아요. 정성껏 사용했어요. 정말 좋은 조건으로 드려요!,15000,29,17,2024-06-10
puppy_4d3224,구매,대전,옷,[구매] 강아지 의류 관련 글 #072,"구매 원해요. 강아지가 좋아했지만, 더 이상 쓰지 않아서 올려요. 필요하신 분은 댓글이나 DM 주세요.",12000,37,8,2024-06-11
sniff_1dd958,판매,서울,옷,[판매] 강아지 배변패드 관련 글 #073,급하게 필요해요. 보는 것보다 실물이 더 예뻐요. 편하게 연락 주세요~,20000,23,3,2024-06-12
sweet_dd1480,무료나눔,인천,쿠션,[무료나눔] 강아지 이동장 관련 글 #074,"직거래 가능해요. 강아지가 좋아했지만, 더 이상 쓰지 않아서 올려요. 필요하신 분은 댓글이나 DM 주세요.",0,22,3,2024-06-13
puppy_72ca61,판매,서울,사료,[판매] 강아지 사료 관련 글 #075,급하게 필요해요. 상태는 정말 좋아요. 정성껏 사용했어요. 서로 좋은 거래 되면 좋겠어요 :),20000,44,5,2024-06-14
barkl_f38277,판매,경기,목줄,[판매] 강아지 장난감 관련 글 #076,판매합니다. 상태는 정말 좋아요. 정성껏 사용했어요. 필요하신 분은 댓글이나 DM 주세요.,5000,3,12,2024-06-15
sweet_0a0032,구매,인천,사료,[구매] 강아지 배변패드 관련 글 #077,"무료로 드려요. 강아지가 좋아했지만, 더 이상 쓰지 않아서 올려요. 서로 좋은 거래 되면 좋겠어요 :)",5000,10,19,2024-06-16
doglo_1ea374,구매,경기,이동장,[구매] 강아지 장난감 관련 글 #078,급하게 필요해요. 필요하신 분께 가면 좋겠어요. 필요하신 분은 댓글이나 DM 주세요.,3000,30,18,2024-06-17
doglo_09e253,구매,서울,간식,[구매] 강아지 배변패드 관련 글 #079,직거래 가능해요. 사용감은 있지만 충분히 쓸만해요. 정말 좋은 조건으로 드려요!,8000,48,17,2024-06-18
barkl_400c21,판매,경기,간식,[판매] 강아지 사료 관련 글 #080,판매합니다. 상태는 정말 좋아요. 정성껏 사용했어요. 필요하신 분은 댓글이나 DM 주세요.,12000,42,7,2024-06-19
sniff_f59602,무료나눔,부산,옷,[무료나눔] 강아지 배변패드 관련 글 #081,무료로 드려요. 보는 것보다 실물이 더 예뻐요. 서로 좋은 거래 되면 좋겠어요 :),0,13,8,2024-06-20
snugg_280492,무료나눔,경기,간식,[무료나눔] 강아지 배변패드 관련 글 #082,판매합니다. 필요하신 분께 가면 좋겠어요. 필요하신 분은 댓글이나 DM 주세요.,0,28,17,2024-06-21
waggy_56c653,판매,대전,사료,[판매] 강아지 배변패드 관련 글 #083,판매합니다. 보는 것보다 실물이 더 예뻐요. 필요하신 분은 댓글이나 DM 주세요.,10000,40,19,2024-06-22
sniff_4a2473,무료나눔,대전,옷,[무료나눔] 강아지 의류 관련 글 #084,무료로 드려요. 사용감은 있지만 충분히 쓸만해요. 직접 보고 결정하셔도 좋아요.,0,16,4,2024-06-23
happy_8c4135,판매,서울,옷,[판매] 강아지 이동장 관련 글 #085,급하게 필요해요. 보는 것보다 실물이 더 예뻐요. 필요하신 분은 댓글이나 DM 주세요.,15000,33,4,2024-06-24
doglo_963204,구매,경기,사료,[구매] 강아지 의류 관련 글 #086,급하게 필요해요. 보는 것보다 실물이 더 예뻐요. 서로 좋은 거래 되면 좋겠어요 :),3000,40,7,2024-06-25
sweet_bbd966,구매,경기,이동장,[구매] 강아지 의류 관련 글 #087,"구매 원해요. 강아지가 좋아했지만, 더 이상 쓰지 않아서 올려요. 서로 좋은 거래 되면 좋겠어요 :)",10000,39,3,2024-06-26
snugg_274176,판매,대전,간식,[판매] 강아지 이동장 관련 글 #088,구매 원해요. 필요하신 분께 가면 좋겠어요. 직접 보고 결정하셔도 좋아요.,8000,25,18,2024-06-27
waggy_608349,판매,서울,쿠션,[판매] 강아지 배변패드 관련 글 #089,무료로 드려요. 상태는 정말 좋아요. 정성껏 사용했어요. 편하게 연락 주세요~,10000,12,11,2024-06-28
puppy_7ed094,무료나눔,부산,쿠션,[무료나눔] 강아지 사료 관련 글 #090,직거래 가능해요. 사용감은 있지만 충분히 쓸만해요. 서로 좋은 거래 되면 좋겠어요 :),0,25,8,2024-06-29
doglo_9c7451,판매,대전,쿠션,[판매] 강아지 이동장 관련 글 #091,구매 원해요. 보는 것보다 실물이 더 예뻐요. 직접 보고 결정하셔도 좋아요.,12000,19,0,2024-06-30
sniff_556b12,무료나눔,경기,사료,[무료나눔] 강아지 장난감 관련 글 #092,직거래 가능해요. 보는 것보다 실물이 더 예뻐요. 필요하신 분은 댓글이나 DM 주세요.,0,37,17,2024-07-01
happy_117f90,판매,경기,목줄,[판매] 강아지 배변패드 관련 글 #093,판매합니다. 필요하신 분께 가면 좋겠어요. 직접 보고 결정하셔도 좋아요.,8000,25,17,2024-07-02
sweet_1edc93,판매,대전,목줄,[판매] 강아지 사료 관련 글 #094,무료로 드려요. 보는 것보다 실물이 더 예뻐요. 서로 좋은 거래 되면 좋겠어요 :),20000,15,12,2024-07-03
barkl_0ce576,구매,부산,사료,[구매] 강아지 사료 관련 글 #095,"직거래 가능해요. 강아지가 좋아했지만, 더 이상 쓰지 않아서 올려요. 편하게 연락 주세요~",3000,24,18,2024-07-04
happy_b17891,구매,서울,배변패드,[구매] 강아지 이동장 관련 글 #096,판매합니다. 보는 것보다 실물이 더 예뻐요. 정말 좋은 조건으로 드려요!,15000,40,9,2024-07-05
doglo_c05294,구매,경기,간식,[구매] 강아지 의류 관련 글 #097,급하게 필요해요. 사용감은 있지만 충분히 쓸만해요. 직접 보고 결정하셔도 좋아요.,8000,45,11,2024-07-06
sweet_d32a30,무료나눔,서울,옷,[무료나눔] 강아지 의류 관련 글 #098,구매 원해요. 사용감은 있지만 충분히 쓸만해요. 편하게 연락 주세요~,0,31,8,2024-07-07
snugg_b60617,무료나눔,인천,사료,[무료나눔] 강아지 배변패드 관련 글 #099,구매 원해요. 보는 것보다 실물이 더 예뻐요. 정말 좋은 조건으로 드려요!,0,15,15,2024-07-08
barkl_dc1102,판매,서울,사료,[판매] 강아지 장난감 관련 글 #100,무료로 드려요. 상태는 정말 좋아요. 정성껏 사용했어요. 정말 좋은 조건으로 드려요!,20000,37,15,2024-07-09
puppy_875c18,판매,부산,간식,[판매] 강아지 이동장 관련 글 #101,"직거래 가능해요. 강아지가 좋아했지만, 더 이상 쓰지 않아서 올려요. 필요하신 분은 댓글이나 DM 주세요.",3000,39,14,2024-07-10
puppy_52fa29,무료나눔,인천,사료,[무료나눔] 강아지 장난감 관련 글 #102,구매 원해요. 상태는 정말 좋아요. 정성껏 사용했어요. 직접 보고 결정하셔도 좋아요.,0,32,2,2024-07-11
happy_730d97,무료나눔,부산,옷,[무료나눔] 강아지 장난감 관련 글 #103,직거래 가능해요. 필요하신 분께 가면 좋겠어요. 편하게 연락 주세요~,0,43,19,2024-07-12
sniff_970165,구매,서울,이동장,[구매] 강아지 사료 관련 글 #104,"무료로 드려요. 강아지가 좋아했지만, 더 이상 쓰지 않아서 올려요. 필요하신 분은 댓글이나 DM 주세요.",20000,13,6,2024-07-13
sweet_6b9e05,무료나눔,경기,사료,[무료나눔] 강아지 사료 관련 글 #105,"무료로 드려요. 강아지가 좋아했지만, 더 이상 쓰지 않아서 올려요. 정말 좋은 조건으로 드려요!",0,29,11,2024-07-14
waggy_50b938,구매,대전,옷,[구매] 강아지 배변패드 관련 글 #106,직거래 가능해요. 상태는 정말 좋아요. 정성껏 사용했어요. 서로 좋은 거래 되면 좋겠어요 :),5000,35,11,2024-07-15
puppy_57f695,구매,서울,이동장,[구매] 강아지 사료 관련 글 #107,직거래 가능해요. 보는 것보다 실물이 더 예뻐요. 정말 좋은 조건으로 드려요!,3000,27,4,2024-07-16
doglo_25fa82,구매,부산,배변패드,[구매] 강아지 이동장 관련 글 #108,"무료로 드려요. 강아지가 좋아했지만, 더 이상 쓰지 않아서 올려요. 서로 좋은 거래 되면 좋겠어요 :)",5000,38,1,2024-07-17
barkl_b1fa51,무료나눔,대전,간식,[무료나눔] 강아지 장난감 관련 글 #109,직거래 가능해요. 필요하신 분께 가면 좋겠어요. 정말 좋은 조건으로 드려요!,0,44,16,2024-07-18
sweet_a9a643,구매,인천,옷,[구매] 강아지 사료 관련 글 #110,직거래 가능해요. 상태는 정말 좋아요. 정성껏 사용했어요. 정말 좋은 조건으로 드려요!,10000,35,17,2024-07-19
sniff_fabb20,판매,서울,장난감,[판매] 강아지 의류 관련 글 #111,직거래 가능해요. 사용감은 있지만 충분히 쓸만해요. 서로 좋은 거래 되면 좋겠어요 :),10000,19,2,2024-07-20
happy_b21d58,무료나눔,부산,장난감,[무료나눔] 강아지 배변패드 관련 글 #112,"직거래 가능해요. 강아지가 좋아했지만, 더 이상 쓰지 않아서 올려요. 직접 보고 결정하셔도 좋아요.",0,47,8,2024-07-21
barkl_5e3406,구매,대전,장난감,[구매] 강아지 배변패드 관련 글 #113,직거래 가능해요. 필요하신 분께 가면 좋겠어요. 서로 좋은 거래 되면 좋겠어요 :),3000,35,9,2024-07-22
doglo_c0a543,무료나눔,인천,쿠션,[무료나눔] 강아지 의류 관련 글 #114,급하게 필요해요. 상태는 정말 좋아요. 정성껏 사용했어요. 필요하신 분은 댓글이나 DM 주세요.,0,28,4,2024-07-23
doglo_727b59,판매,서울,간식,[판매] 강아지 이동장 관련 글 #115,"판매합니다. 강아지가 좋아했지만, 더 이상 쓰지 않아서 올려요. 편하게 연락 주세요~",5000,9,17,2024-07-24
snugg_387325,구매,부산,배변패드,[구매] 강아지 배변패드 관련 글 #116,무료로 드려요. 상태는 정말 좋아요. 정성껏 사용했어요. 편하게 연락 주세요~,3000,23,1,2024-07-25
waggy_e29392,판매,부산,간식,[판매] 강아지 장난감 관련 글 #117,급하게 필요해요. 상태는 정말 좋아요. 정성껏 사용했어요. 정말 좋은 조건으로 드려요!,10000,11,18,2024-07-26
sweet_625b80,판매,서울,목줄,[판매] 강아지 의류 관련 글 #118,"직거래 가능해요. 강아지가 좋아했지만, 더 이상 쓰지 않아서 올려요. 서로 좋은 거래 되면 좋겠어요 :)",10000,10,11,2024-07-27
happy_cbcf43,판매,대전,사료,[판매] 강아지 이동장 관련 글 #119,"구매 원해요. 강아지가 좋아했지만, 더 이상 쓰지 않아서 올려요. 정말 좋은 조건으로 드려요!",3000,18,11,2024-07-28
happy_be2690,구매,부산,간식,[구매] 강아지 의류 관련 글 #120,판매합니다. 상태는 정말 좋아요. 정성껏 사용했어요. 서로 좋은 거래 되면 좋겠어요 :),3000,47,12,2024-07-29
barkl_d4fa33,구매,부산,사료,[구매] 강아지 장난감 관련 글 #121,"직거래 가능해요. 강아지가 좋아했지만, 더 이상 쓰지 않아서 올려요. 필요하신 분은 댓글이나 DM 주세요.",8000,35,4,2024-07-30
snugg_e04a72,판매,경기,목줄,[판매] 강아지 사료 관련 글 #122,직거래 가능해요. 필요하신 분께 가면 좋겠어요. 필요하신 분은 댓글이나 DM 주세요.,3000,15,5,2024-07-31
puppy_91d051,무료나눔,인천,이동장,[무료나눔] 강아지 사료 관련 글 #123,구매 원해요. 보는 것보다 실물이 더 예뻐요. 편하게 연락 주세요~,0,38,14,2024-08-01
doglo_eb3f92,판매,서울,사료,[판매] 강아지 이동장 관련 글 #124,판매합니다. 필요하신 분께 가면 좋겠어요. 정말 좋은 조건으로 드려요!,15000,34,19,2024-08-02
puppy_ea1e45,구매,인천,배변패드,[구매] 강아지 배변패드 관련 글 #125,"구매 원해요. 강아지가 좋아했지만, 더 이상 쓰지 않아서 올려요. 서로 좋은 거래 되면 좋겠어요 :)",3000,17,11,2024-08-03
happy_d55381,무료나눔,대전,배변패드,[무료나눔] 강아지 이동장 관련 글 #126,급하게 필요해요. 보는 것보다 실물이 더 예뻐요. 정말 좋은 조건으로 드려요!,0,11,7,2024-08-04
barkl_3b3963,무료나눔,부산,간식,[무료나눔] 강아지 배변패드 관련 글 #127,무료로 드려요. 사용감은 있지만 충분히 쓸만해요. 편하게 연락 주세요~,0,0,13,2024-08-05
waggy_790772,무료나눔,서울,목줄,[무료나눔] 강아지 의류 관련 글 #128,"구매 원해요. 강아지가 좋아했지만, 더 이상 쓰지 않아서 올려요. 편하게 연락 주세요~",0,21,8,2024-08-06
sniff_48f026,판매,대전,배변패드,[판매] 강아지 사료 관련 글 #129,무료로 드려요. 보는 것보다 실물이 더 예뻐요. 정말 좋은 조건으로 드려요!,8000,29,18,2024-08-07
sweet_f67788,무료나눔,대전,쿠션,[무료나눔] 강아지 장난감 관련 글 #130,"구매 원해요. 강아지가 좋아했지만, 더 이상 쓰지 않아서 올려요. 서로 좋은 거래 되면 좋겠어요 :)",0,47,7,2024-08-08
sweet_dbf085,구매,인천,이동장,[구매] 강아지 장난감 관련 글 #131,판매합니다. 사용감은 있지만 충분히 쓸만해요. 직접 보고 결정하셔도 좋아요.,10000,6,2,2024-08-09
happy_033592,구매,대전,목줄,[구매] 강아지 장난감 관련 글 #132,직거래 가능해요. 상태는 정말 좋아요. 정성껏 사용했어요. 서로 좋은 거래 되면 좋겠어요 :),5000,4,10,2024-08-10
sniff_052d74,구매,인천,쿠션,[구매] 강아지 배변패드 관련 글 #133,직거래 가능해요. 필요하신 분께 가면 좋겠어요. 편하게 연락 주세요~,10000,40,9,2024-08-11
sniff_4c0382,구매,대전,옷,[구매] 강아지 배변패드 관련 글 #134,무료로 드려요. 사용감은 있지만 충분히 쓸만해요. 필요하신 분은 댓글이나 DM 주세요.,8000,30,4,2024-08-12
waggy_8f5d93,구매,부산,장난감,[구매] 강아지 사료 관련 글 #135,"급하게 필요해요. 강아지가 좋아했지만, 더 이상 쓰지 않아서 올려요. 정말 좋은 조건으로 드려요!",12000,23,14,2024-08-13
barkl_e3c870,구매,인천,장난감,[구매] 강아지 장난감 관련 글 #136,"판매합니다. 강아지가 좋아했지만, 더 이상 쓰지 않아서 올려요. 정말 좋은 조건으로 드려요!",12000,26,19,2024-08-14
happy_114042,구매,경기,쿠션,[구매] 강아지 장난감 관련 글 #137,"구매 원해요. 강아지가 좋아했지만, 더 이상 쓰지 않아서 올려요. 필요하신 분은 댓글이나 DM 주세요.",20000,46,7,2024-08-15
puppy_d55808,구매,인천,사료,[구매] 강아지 이동장 관련 글 #138,구매 원해요. 보는 것보다 실물이 더 예뻐요. 필요하신 분은 댓글이나 DM 주세요.,20000,24,9,2024-08-16
waggy_a92654,무료나눔,인천,간식,[무료나눔] 강아지 사료 관련 글 #139,"구매 원해요. 강아지가 좋아했지만, 더 이상 쓰지 않아서 올려요. 서로 좋은 거래 되면 좋겠어요 :)",0,14,16,2024-08-17
doglo_10d090,무료나눔,인천,배변패드,[무료나눔] 강아지 의류 관련 글 #140,판매합니다. 필요하신 분께 가면 좋겠어요. 정말 좋은 조건으로 드려요!,0,2,1,2024-08-18
waggy_ee3d25,판매,서울,간식,[판매] 강아지 사료 관련 글 #141,판매합니다. 상태는 정말 좋아요. 정성껏 사용했어요. 필요하신 분은 댓글이나 DM 주세요.,10000,4,5,2024-08-19
sweet_9b3621,판매,인천,장난감,[판매] 강아지 이동장 관련 글 #142,급하게 필요해요. 보는 것보다 실물이 더 예뻐요. 직접 보고 결정하셔도 좋아요.,12000,5,14,2024-08-20
sweet_0b0e75,구매,부산,간식,[구매] 강아지 배변패드 관련 글 #143,무료로 드려요. 보는 것보다 실물이 더 예뻐요. 직접 보고 결정하셔도 좋아요.,10000,45,1,2024-08-21
sniff_f42d97,구매,인천,사료,[구매] 강아지 배변패드 관련 글 #144,급하게 필요해요. 필요하신 분께 가면 좋겠어요. 편하게 연락 주세요~,8000,7,16,2024-08-22
sweet_03af14,판매,부산,사료,[판매] 강아지 사료 관련 글 #145,급하게 필요해요. 상태는 정말 좋아요. 정성껏 사용했어요. 직접 보고 결정하셔도 좋아요.,15000,28,3,2024-08-23
sweet_6c9e74,구매,부산,옷,[구매] 강아지 의류 관련 글 #146,"직거래 가능해요. 강아지가 좋아했지만, 더 이상 쓰지 않아서 올려요. 서로 좋은 거래 되면 좋겠어요 :)",15000,15,10,2024-08-24
snugg_1ad382,판매,인천,사료,[판매] 강아지 의류 관련 글 #147,급하게 필요해요. 상태는 정말 좋아요. 정성껏 사용했어요. 필요하신 분은 댓글이나 DM 주세요.,20000,10,2,2024-08-25
barkl_f5fe13,판매,인천,배변패드,[판매] 강아지 장난감 관련 글 #148,구매 원해요. 상태는 정말 좋아요. 정성껏 사용했어요. 정말 좋은 조건으로 드려요!,5000,32,17,2024-08-26
happy_88f759,무료나눔,서울,목줄,[무료나눔] 강아지 장난감 관련 글 #149,구매 원해요. 상태는 정말 좋아요. 정성껏 사용했어요. 필요하신 분은 댓글이나 DM 주세요.,0,6,11,2024-08-27
happy_76b070,무료나눔,대전,배변패드,[무료나눔] 강아지 배변패드 관련 글 #150,"구매 원해요. 강아지가 좋아했지만, 더 이상 쓰지 않아서 올려요. 직접 보고 결정하셔도 좋아요.",0,37,17,2024-08-28
snugg_45a090,판매,경기,목줄,[판매] 강아지 의류 관련 글 #151,무료로 드려요. 상태는 정말 좋아요. 정성껏 사용했어요. 편하게 연락 주세요~,8000,14,1,2024-08-29
waggy_d9b830,구매,대전,옷,[구매] 강아지 이동장 관련 글 #152,판매합니다. 필요하신 분께 가면 좋겠어요. 편하게 연락 주세요~,8000,43,6,2024-08-30
snugg_701602,판매,경기,사료,[판매] 강아지 장난감 관련 글 #153,직거래 가능해요. 보는 것보다 실물이 더 예뻐요. 필요하신 분은 댓글이나 DM 주세요.,12000,21,8,2024-08-31
happy_afe959,판매,서울,간식,[판매] 강아지 의류 관련 글 #154,"급하게 필요해요. 강아지가 좋아했지만, 더 이상 쓰지 않아서 올려요. 편하게 연락 주세요~",8000,4,10,2024-09-01
doglo_df5074,판매,경기,배변패드,[판매] 강아지 이동장 관련 글 #155,"급하게 필요해요. 강아지가 좋아했지만, 더 이상 쓰지 않아서 올려요. 필요하신 분은 댓글이나 DM 주세요.",12000,7,5,2024-09-02
sniff_085066,무료나눔,대전,간식,[무료나눔] 강아지 이동장 관련 글 #156,판매합니다. 필요하신 분께 가면 좋겠어요. 서로 좋은 거래 되면 좋겠어요 :),0,11,7,2024-09-03
barkl_cdec66,무료나눔,서울,옷,[무료나눔] 강아지 장난감 관련 글 #157,무료로 드려요. 보는 것보다 실물이 더 예뻐요. 편하게 연락 주세요~,0,35,9,2024-09-04
waggy_819140,판매,서울,간식,[판매] 강아지 사료 관련 글 #158,직거래 가능해요. 필요하신 분께 가면 좋겠어요. 정말 좋은 조건으로 드려요!,5000,12,3,2024-09-05
sniff_c1b746,구매,대전,장난감,[구매] 강아지 배변패드 관련 글 #159,"구매 원해요. 강아지가 좋아했지만, 더 이상 쓰지 않아서 올려요. 필요하신 분은 댓글이나 DM 주세요.",15000,43,10,2024-09-06
puppy_beba26,무료나눔,인천,이동장,[무료나눔] 강아지 사료 관련 글 #160,판매합니다. 보는 것보다 실물이 더 예뻐요. 편하게 연락 주세요~,0,39,12,2024-09-07
snugg_379633,무료나눔,부산,옷,[무료나눔] 강아지 배변패드 관련 글 #161,직거래 가능해요. 보는 것보다 실물이 더 예뻐요. 서로 좋은 거래 되면 좋겠어요 :),0,18,11,2024-09-08
sweet_3b2788,무료나눔,인천,목줄,[무료나눔] 강아지 배변패드 관련 글 #162,판매합니다. 필요하신 분께 가면 좋겠어요. 필요하신 분은 댓글이나 DM 주세요.,0,6,11,2024-09-09
sweet_20c063,구매,대전,쿠션,[구매] 강아지 의류 관련 글 #163,급하게 필요해요. 상태는 정말 좋아요. 정성껏 사용했어요. 정말 좋은 조건으로 드려요!,8000,11,4,2024-09-10
waggy_3c5709,판매,부산,쿠션,[판매] 강아지 사료 관련 글 #164,직거래 가능해요. 보는 것보다 실물이 더 예뻐요. 서로 좋은 거래 되면 좋겠어요 :),10000,6,12,2024-09-11
doglo_bb2352,판매,서울,옷,[판매] 강아지 사료 관련 글 #165,판매합니다. 상태는 정말 좋아요. 정성껏 사용했어요. 서로 좋은 거래 되면 좋겠어요 :),10000,29,9,2024-09-12
snugg_52b145,구매,경기,장난감,[구매] 강아지 의류 관련 글 #166,무료로 드려요. 필요하신 분께 가면 좋겠어요. 필요하신 분은 댓글이나 DM 주세요.,3000,42,1,2024-09-13
barkl_aa6d55,구매,경기,이동장,[구매] 강아지 배변패드 관련 글 #167,급하게 필요해요. 상태는 정말 좋아요. 정성껏 사용했어요. 정말 좋은 조건으로 드려요!,10000,25,1,2024-09-14
barkl_dbf720,판매,대전,장난감,[판매] 강아지 의류 관련 글 #168,급하게 필요해요. 보는 것보다 실물이 더 예뻐요. 직접 보고 결정하셔도 좋아요.,12000,28,14,2024-09-15
doglo_a86c88,무료나눔,경기,배변패드,[무료나눔] 강아지 장난감 관련 글 #169,구매 원해요. 상태는 정말 좋아요. 정성껏 사용했어요. 편하게 연락 주세요~,0,21,17,2024-09-16
barkl_3d3378,구매,인천,이동장,[구매] 강아지 사료 관련 글 #170,"급하게 필요해요. 강아지가 좋아했지만, 더 이상 쓰지 않아서 올려요. 정말 좋은 조건으로 드려요!",3000,8,15,2024-09-17
barkl_de4c41,구매,대전,목줄,[구매] 강아지 장난감 관련 글 #171,급하게 필요해요. 필요하신 분께 가면 좋겠어요. 서로 좋은 거래 되면 좋겠어요 :),8000,14,4,2024-09-18
barkl_270453,판매,서울,사료,[판매] 강아지 의류 관련 글 #172,급하게 필요해요. 상태는 정말 좋아요. 정성껏 사용했어요. 정말 좋은 조건으로 드려요!,15000,22,4,2024-09-19
sweet_cec108,구매,인천,장난감,[구매] 강아지 장난감 관련 글 #173,급하게 필요해요. 보는 것보다 실물이 더 예뻐요. 정말 좋은 조건으로 드려요!,5000,16,15,2024-09-20
happy_3d4222,무료나눔,부산,사료,[무료나눔] 강아지 장난감 관련 글 #174,무료로 드려요. 필요하신 분께 가면 좋겠어요. 편하게 연락 주세요~,0,45,12,2024-09-21
snugg_dcc949,무료나눔,서울,사료,[무료나눔] 강아지 배변패드 관련 글 #175,"판매합니다. 강아지가 좋아했지만, 더 이상 쓰지 않아서 올려요. 필요하신 분은 댓글이나 DM 주세요.",0,1,8,2024-09-22
happy_9ae084,무료나눔,경기,장난감,[무료나눔] 강아지 사료 관련 글 #176,판매합니다. 필요하신 분께 가면 좋겠어요. 편하게 연락 주세요~,0,42,1,2024-09-23
puppy_52ec40,구매,서울,장난감,[구매] 강아지 배변패드 관련 글 #177,급하게 필요해요. 사용감은 있지만 충분히 쓸만해요. 서로 좋은 거래 되면 좋겠어요 :),8000,25,9,2024-09-24
barkl_269461,무료나눔,인천,배변패드,[무료나눔] 강아지 장난감 관련 글 #178,직거래 가능해요. 상태는 정말 좋아요. 정성껏 사용했어요. 직접 보고 결정하셔도 좋아요.,0,3,7,2024-09-25
doglo_179c47,구매,대전,옷,[구매] 강아지 배변패드 관련 글 #179,직거래 가능해요. 보는 것보다 실물이 더 예뻐요. 편하게 연락 주세요~,15000,27,2,2024-09-26
waggy_61c888,무료나눔,서울,사료,[무료나눔] 강아지 이동장 관련 글 #180,급하게 필요해요. 사용감은 있지만 충분히 쓸만해요. 서로 좋은 거래 되면 좋겠어요 :),0,28,12,2024-09-27
sniff_50a219,구매,부산,옷,[구매] 강아지 배변패드 관련 글 #181,급하게 필요해요. 필요하신 분께 가면 좋겠어요. 필요하신 분은 댓글이나 DM 주세요.,8000,33,6,2024-09-28
snugg_55d263,구매,경기,배변패드,[구매] 강아지 배변패드 관련 글 #182,급하게 필요해요. 상태는 정말 좋아요. 정성껏 사용했어요. 편하게 연락 주세요~,15000,40,18,2024-09-29
puppy_e06644,판매,경기,배변패드,[판매] 강아지 장난감 관련 글 #183,직거래 가능해요. 사용감은 있지만 충분히 쓸만해요. 편하게 연락 주세요~,20000,45,13,2024-09-30
barkl_f06e95,구매,서울,장난감,[구매] 강아지 장난감 관련 글 #184,"직거래 가능해요. 강아지가 좋아했지만, 더 이상 쓰지 않아서 올려요. 필요하신 분은 댓글이나 DM 주세요.",10000,32,7,2024-10-01
waggy_f7f995,구매,부산,옷,[구매] 강아지 장난감 관련 글 #185,"급하게 필요해요. 강아지가 좋아했지만, 더 이상 쓰지 않아서 올려요. 서로 좋은 거래 되면 좋겠어요 :)",12000,10,12,2024-10-02
sniff_a3d161,무료나눔,인천,사료,[무료나눔] 강아지 이동장 관련 글 #186,"무료로 드려요. 강아지가 좋아했지만, 더 이상 쓰지 않아서 올려요. 서로 좋은 거래 되면 좋겠어요 :)",0,17,13,2024-10-03
sniff_a20927,판매,부산,간식,[판매] 강아지 이동장 관련 글 #187,판매합니다. 보는 것보다 실물이 더 예뻐요. 필요하신 분은 댓글이나 DM 주세요.,20000,24,17,2024-10-04
sniff_31ef09,무료나눔,인천,옷,[무료나눔] 강아지 사료 관련 글 #188,"급하게 필요해요. 강아지가 좋아했지만, 더 이상 쓰지 않아서 올려요. 서로 좋은 거래 되면 좋겠어요 :)",0,40,10,2024-10-05
barkl_42c145,구매,인천,배변패드,[구매] 강아지 배변패드 관련 글 #189,직거래 가능해요. 필요하신 분께 가면 좋겠어요. 정말 좋은 조건으로 드려요!,3000,21,10,2024-10-06
sniff_e0e336,무료나눔,부산,사료,[무료나눔] 강아지 배변패드 관련 글 #190,판매합니다. 상태는 정말 좋아요. 정성껏 사용했어요. 직접 보고 결정하셔도 좋아요.,0,36,12,2024-10-07
barkl_da2011,판매,대전,옷,[판매] 강아지 의류 관련 글 #191,직거래 가능해요. 보는 것보다 실물이 더 예뻐요. 편하게 연락 주세요~,12000,27,5,2024-10-08
doglo_b50392,구매,부산,사료,[구매] 강아지 의류 관련 글 #192,구매 원해요. 필요하신 분께 가면 좋겠어요. 편하게 연락 주세요~,8000,5,9,2024-10-09
sniff_2bc189,구매,경기,쿠션,[구매] 강아지 사료 관련 글 #193,급하게 필요해요. 상태는 정말 좋아요. 정성껏 사용했어요. 편하게 연락 주세요~,12000,28,0,2024-10-10
sniff_4e5c02,구매,경기,이동장,[구매] 강아지 배변패드 관련 글 #194,직거래 가능해요. 사용감은 있지만 충분히 쓸만해요. 직접 보고 결정하셔도 좋아요.,8000,44,6,2024-10-11
doglo_c72a42,판매,경기,배변패드,[판매] 강아지 의류 관련 글 #195,판매합니다. 보는 것보다 실물이 더 예뻐요. 서로 좋은 거래 되면 좋겠어요 :),10000,14,8,2024-10-12
sweet_a54d51,판매,서울,간식,[판매] 강아지 의류 관련 글 #196,무료로 드려요. 사용감은 있지만 충분히 쓸만해요. 편하게 연락 주세요~,12000,5,9,2024-10-13
puppy_1f2b22,판매,대전,목줄,[판매] 강아지 배변패드 관련 글 #197,직거래 가능해요. 상태는 정말 좋아요. 정성껏 사용했어요. 필요하신 분은 댓글이나 DM 주세요.,15000,39,14,2024-10-14
snugg_1b9f46,무료나눔,인천,사료,[무료나눔] 강아지 사료 관련 글 #198,직거래 가능해요. 상태는 정말 좋아요. 정성껏 사용했어요. 정말 좋은 조건으로 드려요!,0,12,13,2024-10-15
snugg_bd3044,구매,인천,사료,[구매] 강아지 의류 관련 글 #199,직거래 가능해요. 필요하신 분께 가면 좋겠어요. 직접 보고 결정하셔도 좋아요.,5000,11,6,2024-10-16
barkl_00f735,무료나눔,경기,사료,[무료나눔] 강아지 배변패드 관련 글 #200,구매 원해요. 보는 것보다 실물이 더 예뻐요. 직접 보고 결정하셔도 좋아요.,0,34,9,2024-10-17
barkl_39a317,판매,대전,옷,[판매] 강아지 의류 관련 글 #201,직거래 가능해요. 사용감은 있지만 충분히 쓸만해요. 직접 보고 결정하셔도 좋아요.,3000,22,15,2024-10-18
barkl_20ff26,판매,경기,배변패드,[판매] 강아지 배변패드 관련 글 #202,"판매합니다. 강아지가 좋아했지만, 더 이상 쓰지 않아서 올려요. 정말 좋은 조건으로 드려요!",20000,17,13,2024-10-19
snugg_12c830,무료나눔,서울,목줄,[무료나눔] 강아지 이동장 관련 글 #203,"급하게 필요해요. 강아지가 좋아했지만, 더 이상 쓰지 않아서 올려요. 편하게 연락 주세요~",0,24,2,2024-10-20
snugg_9d5404,구매,부산,이동장,[구매] 강아지 의류 관련 글 #204,직거래 가능해요. 보는 것보다 실물이 더 예뻐요. 필요하신 분은 댓글이나 DM 주세요.,20000,45,3,2024-10-21
waggy_321913,무료나눔,대전,간식,[무료나눔] 강아지 사료 관련 글 #205,급하게 필요해요. 필요하신 분께 가면 좋겠어요. 서로 좋은 거래 되면 좋겠어요 :),0,39,6,2024-10-22
barkl_42f815,판매,서울,옷,[판매] 강아지 배변패드 관련 글 #206,판매합니다. 보는 것보다 실물이 더 예뻐요. 정말 좋은 조건으로 드려요!,20000,26,9,2024-10-23
barkl_0aa122,무료나눔,부산,쿠션,[무료나눔] 강아지 장난감 관련 글 #207,구매 원해요. 상태는 정말 좋아요. 정성껏 사용했어요. 정말 좋은 조건으로 드려요!,0,15,2,2024-10-24
sniff_dc6650,구매,경기,장난감,[구매] 강아지 배변패드 관련 글 #208,구매 원해요. 필요하신 분께 가면 좋겠어요. 정말 좋은 조건으로 드려요!,12000,29,6,2024-10-25
sniff_278560,구매,경기,목줄,[구매] 강아지 의류 관련 글 #209,급하게 필요해요. 상태는 정말 좋아요. 정성껏 사용했어요. 서로 좋은 거래 되면 좋겠어요 :),5000,18,6,2024-10-26
sweet_e65c06,판매,서울,간식,[판매] 강아지 배변패드 관련 글 #210,무료로 드려요. 필요하신 분께 가면 좋겠어요. 직접 보고 결정하셔도 좋아요.,10000,4,14,2024-10-27
puppy_4caa94,판매,대전,장난감,[판매] 강아지 사료 관련 글 #211,구매 원해요. 필요하신 분께 가면 좋겠어요. 직접 보고 결정하셔도 좋아요.,5000,33,17,2024-10-28
doglo_582353,무료나눔,서울,장난감,[무료나눔] 강아지 의류 관련 글 #212,직거래 가능해요. 상태는 정말 좋아요. 정성껏 사용했어요. 서로 좋은 거래 되면 좋겠어요 :),0,19,17,2024-10-29
sniff_920e05,판매,대전,사료,[판매] 강아지 의류 관련 글 #213,"급하게 필요해요. 강아지가 좋아했지만, 더 이상 쓰지 않아서 올려요. 직접 보고 결정하셔도 좋아요.",15000,35,19,2024-10-30
barkl_30e622,구매,부산,이동장,[구매] 강아지 이동장 관련 글 #214,급하게 필요해요. 사용감은 있지만 충분히 쓸만해요. 정말 좋은 조건으로 드려요!,5000,25,4,2024-10-31
puppy_381382,판매,대전,장난감,[판매] 강아지 의류 관련 글 #215,판매합니다. 사용감은 있지만 충분히 쓸만해요. 서로 좋은 거래 되면 좋겠어요 :),20000,21,14,2024-11-01
happy_2b8b60,구매,부산,쿠션,[구매] 강아지 이동장 관련 글 #216,판매합니다. 필요하신 분께 가면 좋겠어요. 편하게 연락 주세요~,3000,45,18,2024-11-02
sweet_7cd254,판매,인천,간식,[판매] 강아지 이동장 관련 글 #217,"급하게 필요해요. 강아지가 좋아했지만, 더 이상 쓰지 않아서 올려요. 편하게 연락 주세요~",8000,32,12,2024-11-03
snugg_ba2722,판매,서울,목줄,[판매] 강아지 장난감 관련 글 #218,직거래 가능해요. 상태는 정말 좋아요. 정성껏 사용했어요. 서로 좋은 거래 되면 좋겠어요 :),5000,29,7,2024-11-04
puppy_ceb355,구매,인천,목줄,[구매] 강아지 장난감 관련 글 #219,"무료로 드려요. 강아지가 좋아했지만, 더 이상 쓰지 않아서 올려요. 필요하신 분은 댓글이나 DM 주세요.",12000,48,16,2024-11-05
barkl_afa276,무료나눔,서울,장난감,[무료나눔] 강아지 배변패드 관련 글 #220,무료로 드려요. 상태는 정말 좋아요. 정성껏 사용했어요. 직접 보고 결정하셔도 좋아요.,0,11,0,2024-11-06
doglo_b31e17,무료나눔,부산,쿠션,[무료나눔] 강아지 배변패드 관련 글 #221,판매합니다. 필요하신 분께 가면 좋겠어요. 서로 좋은 거래 되면 좋겠어요 :),0,41,10,2024-11-07
sweet_f53679,판매,대전,배변패드,[판매] 강아지 의류 관련 글 #222,구매 원해요. 필요하신 분께 가면 좋겠어요. 직접 보고 결정하셔도 좋아요.,15000,5,12,2024-11-08
snugg_fc8135,무료나눔,서울,옷,[무료나눔] 강아지 이동장 관련 글 #223,직거래 가능해요. 보는 것보다 실물이 더 예뻐요. 필요하신 분은 댓글이나 DM 주세요.,0,29,5,2024-11-09
snugg_174303,무료나눔,부산,옷,[무료나눔] 강아지 사료 관련 글 #224,"판매합니다. 강아지가 좋아했지만, 더 이상 쓰지 않아서 올려요. 정말 좋은 조건으로 드려요!",0,49,5,2024-11-10
sniff_02f440,판매,경기,이동장,[판매] 강아지 이동장 관련 글 #225,급하게 필요해요. 사용감은 있지만 충분히 쓸만해요. 직접 보고 결정하셔도 좋아요.,8000,12,16,2024-11-11
sweet_dfd146,판매,대전,사료,[판매] 강아지 배변패드 관련 글 #226,무료로 드려요. 보는 것보다 실물이 더 예뻐요. 편하게 연락 주세요~,10000,11,0,2024-11-12
happy_4a3065,판매,인천,간식,[판매] 강아지 사료 관련 글 #227,직거래 가능해요. 필요하신 분께 가면 좋겠어요. 정말 좋은 조건으로 드려요!,5000,20,0,2024-11-13
snugg_b5f614,판매,서울,사료,[판매] 강아지 사료 관련 글 #228,무료로 드려요. 필요하신 분께 가면 좋겠어요. 필요하신 분은 댓글이나 DM 주세요.,10000,22,19,2024-11-14
barkl_b4e768,구매,경기,옷,[구매] 강아지 이동장 관련 글 #229,구매 원해요. 상태는 정말 좋아요. 정성껏 사용했어요. 직접 보고 결정하셔도 좋아요.,20000,46,10,2024-11-15
snugg_41b864,구매,대전,이동장,[구매] 강아지 배변패드 관련 글 #230,"판매합니다. 강아지가 좋아했지만, 더 이상 쓰지 않아서 올려요. 편하게 연락 주세요~",12000,38,2,2024-11-16
happy_bd2398,구매,경기,배변패드,[구매] 강아지 사료 관련 글 #231,"무료로 드려요. 강아지가 좋아했지만, 더 이상 쓰지 않아서 올려요. 서로 좋은 거래 되면 좋겠어요 :)",20000,26,12,2024-11-17
sweet_47ab92,판매,부산,이동장,[판매] 강아지 배변패드 관련 글 #232,무료로 드려요. 필요하신 분께 가면 좋겠어요. 직접 보고 결정하셔도 좋아요.,3000,15,11,2024-11-18
waggy_fa9e17,판매,인천,쿠션,[판매] 강아지 의류 관련 글 #233,직거래 가능해요. 상태는 정말 좋아요. 정성껏 사용했어요. 필요하신 분은 댓글이나 DM 주세요.,12000,40,12,2024-11-19
snugg_34d630,구매,서울,목줄,[구매] 강아지 이동장 관련 글 #234,"급하게 필요해요. 강아지가 좋아했지만, 더 이상 쓰지 않아서 올려요. 서로 좋은 거래 되면 좋겠어요 :)",12000,0,10,2024-11-20
barkl_757549,구매,인천,사료,[구매] 강아지 배변패드 관련 글 #235,직거래 가능해요. 상태는 정말 좋아요. 정성껏 사용했어요. 서로 좋은 거래 되면 좋겠어요 :),20000,15,14,2024-11-21
doglo_7bdd58,구매,인천,쿠션,[구매] 강아지 사료 관련 글 #236,구매 원해요. 사용감은 있지만 충분히 쓸만해요. 정말 좋은 조건으로 드려요!,5000,27,17,2024-11-22
puppy_80be83,구매,경기,배변패드,[구매] 강아지 사료 관련 글 #237,구매 원해요. 보는 것보다 실물이 더 예뻐요. 직접 보고 결정하셔도 좋아요.,5000,43,12,2024-11-23
doglo_6fde63,무료나눔,인천,이동장,[무료나눔] 강아지 배변패드 관련 글 #238,구매 원해요. 보는 것보다 실물이 더 예뻐요. 정말 좋은 조건으로 드려요!,0,30,3,2024-11-24
snugg_20ab59,구매,서울,간식,[구매] 강아지 이동장 관련 글 #239,무료로 드려요. 보는 것보다 실물이 더 예뻐요. 정말 좋은 조건으로 드려요!,5000,46,2,2024-11-25
puppy_47ff74,판매,인천,쿠션,[판매] 강아지 배변패드 관련 글 #240,직거래 가능해요. 사용감은 있지만 충분히 쓸만해요. 직접 보고 결정하셔도 좋아요.,8000,28,0,2024-11-26
snugg_467064,판매,부산,간식,[판매] 강아지 의류 관련 글 #241,직거래 가능해요. 상태는 정말 좋아요. 정성껏 사용했어요. 필요하신 분은 댓글이나 DM 주세요.,5000,34,17,2024-11-27
sweet_65ec73,판매,인천,이동장,[판매] 강아지 사료 관련 글 #242,직거래 가능해요. 필요하신 분께 가면 좋겠어요. 편하게 연락 주세요~,15000,44,2,2024-11-28
snugg_ed8631,구매,인천,목줄,[구매] 강아지 배변패드 관련 글 #243,직거래 가능해요. 사용감은 있지만 충분히 쓸만해요. 정말 좋은 조건으로 드려요!,20000,42,5,2024-11-29
doglo_6bc774,판매,부산,쿠션,[판매] 강아지 배변패드 관련 글 #244,구매 원해요. 상태는 정말 좋아요. 정성껏 사용했어요. 직접 보고 결정하셔도 좋아요.,3000,19,7,2024-11-30
puppy_760004,판매,인천,옷,[판매] 강아지 의류 관련 글 #245,판매합니다. 필요하신 분께 가면 좋겠어요. 정말 좋은 조건으로 드려요!,8000,38,7,2024-12-01
doglo_76d395,판매,인천,쿠션,[판매] 강아지 이동장 관련 글 #246,구매 원해요. 필요하신 분께 가면 좋겠어요. 정말 좋은 조건으로 드려요!,15000,35,11,2024-12-02
doglo_f7c463,구매,부산,쿠션,[구매] 강아지 사료 관련 글 #247,"구매 원해요. 강아지가 좋아했지만, 더 이상 쓰지 않아서 올려요. 서로 좋은 거래 되면 좋겠어요 :)",3000,33,18,2024-12-03
puppy_7d6e41,무료나눔,서울,목줄,[무료나눔] 강아지 이동장 관련 글 #248,"직거래 가능해요. 강아지가 좋아했지만, 더 이상 쓰지 않아서 올려요. 필요하신 분은 댓글이나 DM 주세요.",0,22,10,2024-12-04
snugg_6d5437,구매,인천,간식,[구매] 강아지 장난감 관련 글 #249,직거래 가능해요. 보는 것보다 실물이 더 예뻐요. 정말 좋은 조건으로 드려요!,8000,35,5,2024-12-05
puppy_e82c97,판매,대전,사료,[판매] 강아지 사료 관련 글 #250,무료로 드려요. 상태는 정말 좋아요. 정성껏 사용했어요. 직접 보고 결정하셔도 좋아요.,8000,40,8,2024-12-06
happy_52f443,구매,인천,옷,[구매] 강아지 장난감 관련 글 #251,구매 원해요. 필요하신 분께 가면 좋겠어요. 직접 보고 결정하셔도 좋아요.,15000,1,15,2024-12-07
happy_dca679,구매,인천,쿠션,[구매] 강아지 장난감 관련 글 #252,급하게 필요해요. 보는 것보다 실물이 더 예뻐요. 필요하신 분은 댓글이나 DM 주세요.,5000,8,10,2024-12-08
doglo_373236,구매,서울,배변패드,[구매] 강아지 배변패드 관련 글 #253,직거래 가능해요. 사용감은 있지만 충분히 쓸만해요. 서로 좋은 거래 되면 좋겠어요 :),20000,26,16,2024-12-09
doglo_060e93,구매,서울,목줄,[구매] 강아지 이동장 관련 글 #254,"구매 원해요. 강아지가 좋아했지만, 더 이상 쓰지 않아서 올려요. 편하게 연락 주세요~",8000,12,17,2024-12-10
happy_737f39,구매,대전,간식,[구매] 강아지 장난감 관련 글 #255,급하게 필요해요. 필요하신 분께 가면 좋겠어요. 편하게 연락 주세요~,15000,18,5,2024-12-11
sniff_704e64,구매,대전,쿠션,[구매] 강아지 이동장 관련 글 #256,"구매 원해요. 강아지가 좋아했지만, 더 이상 쓰지 않아서 올려요. 편하게 연락 주세요~",5000,45,5,2024-12-12
sniff_070d19,판매,서울,장난감,[판매] 강아지 의류 관련 글 #257,무료로 드려요. 필요하신 분께 가면 좋겠어요. 필요하신 분은 댓글이나 DM 주세요.,3000,5,3,2024-12-13
doglo_770e30,판매,경기,이동장,[판매] 강아지 의류 관련 글 #258,"급하게 필요해요. 강아지가 좋아했지만, 더 이상 쓰지 않아서 올려요. 정말 좋은 조건으로 드려요!",12000,41,10,2024-12-14
sniff_c98169,판매,대전,장난감,[판매] 강아지 이동장 관련 글 #259,"직거래 가능해요. 강아지가 좋아했지만, 더 이상 쓰지 않아서 올려요. 정말 좋은 조건으로 드려요!",12000,13,0,2024-12-15
puppy_7a3839,판매,서울,이동장,[판매] 강아지 의류 관련 글 #260,"판매합니다. 강아지가 좋아했지만, 더 이상 쓰지 않아서 올려요. 정말 좋은 조건으로 드려요!",20000,27,2,2024-12-16
happy_02d584,구매,서울,이동장,[구매] 강아지 이동장 관련 글 #261,무료로 드려요. 필요하신 분께 가면 좋겠어요. 직접 보고 결정하셔도 좋아요.,3000,44,7,2024-12-17
doglo_13ad85,무료나눔,경기,간식,[무료나눔] 강아지 사료 관련 글 #262,구매 원해요. 필요하신 분께 가면 좋겠어요. 정말 좋은 조건으로 드려요!,0,43,8,2024-12-18
puppy_c2b011,구매,대전,옷,[구매] 강아지 배변패드 관련 글 #263,직거래 가능해요. 필요하신 분께 가면 좋겠어요. 직접 보고 결정하셔도 좋아요.,3000,46,0,2024-12-19
puppy_d44b94,판매,서울,간식,[판매] 강아지 장난감 관련 글 #264,판매합니다. 보는 것보다 실물이 더 예뻐요. 필요하신 분은 댓글이나 DM 주세요.,5000,16,19,2024-12-20
snugg_9c2e99,판매,인천,장난감,[판매] 강아지 의류 관련 글 #265,직거래 가능해요. 사용감은 있지만 충분히 쓸만해요. 편하게 연락 주세요~,12000,41,10,2024-12-21
puppy_449a50,판매,경기,옷,[판매] 강아지 이동장 관련 글 #266,판매합니다. 보는 것보다 실물이 더 예뻐요. 서로 좋은 거래 되면 좋겠어요 :),10000,12,13,2024-12-22
happy_ad2381,무료나눔,인천,사료,[무료나눔] 강아지 배변패드 관련 글 #267,직거래 가능해요. 상태는 정말 좋아요. 정성껏 사용했어요. 직접 보고 결정하셔도 좋아요.,0,48,3,2024-12-23
happy_5d4a43,무료나눔,대전,쿠션,[무료나눔] 강아지 사료 관련 글 #268,직거래 가능해요. 필요하신 분께 가면 좋겠어요. 직접 보고 결정하셔도 좋아요.,0,6,5,2024-12-24
barkl_004d02,판매,대전,쿠션,[판매] 강아지 의류 관련 글 #269,"판매합니다. 강아지가 좋아했지만, 더 이상 쓰지 않아서 올려요. 서로 좋은 거래 되면 좋겠어요 :)",15000,14,17,2024-12-25
doglo_99e785,판매,서울,배변패드,[판매] 강아지 의류 관련 글 #270,무료로 드려요. 필요하신 분께 가면 좋겠어요. 직접 보고 결정하셔도 좋아요.,12000,48,11,2024-12-26
waggy_4afa48,판매,서울,이동장,[판매] 강아지 장난감 관련 글 #271,직거래 가능해요. 보는 것보다 실물이 더 예뻐요. 서로 좋은 거래 되면 좋겠어요 :),10000,32,14,2024-12-27
puppy_5d2988,판매,서울,사료,[판매] 강아지 사료 관련 글 #272,"구매 원해요. 강아지가 좋아했지만, 더 이상 쓰지 않아서 올려요. 필요하신 분은 댓글이나 DM 주세요.",10000,45,12,2024-12-28
snugg_dd2864,무료나눔,경기,사료,[무료나눔] 강아지 배변패드 관련 글 #273,급하게 필요해요. 필요하신 분께 가면 좋겠어요. 서로 좋은 거래 되면 좋겠어요 :),0,32,11,2024-12-29
doglo_767c71,구매,부산,배변패드,[구매] 강아지 장난감 관련 글 #274,구매 원해요. 상태는 정말 좋아요. 정성껏 사용했어요. 필요하신 분은 댓글이나 DM 주세요.,8000,30,1,2024-12-30
waggy_9cbc32,판매,경기,쿠션,[판매] 강아지 사료 관련 글 #275,급하게 필요해요. 필요하신 분께 가면 좋겠어요. 서로 좋은 거래 되면 좋겠어요 :),12000,1,16,2024-12-31
barkl_a40113,무료나눔,부산,쿠션,[무료나눔] 강아지 배변패드 관련 글 #276,무료로 드려요. 사용감은 있지만 충분히 쓸만해요. 서로 좋은 거래 되면 좋겠어요 :),0,36,12,2025-01-01
doglo_c7bf09,판매,경기,이동장,[판매] 강아지 배변패드 관련 글 #277,급하게 필요해요. 상태는 정말 좋아요. 정성껏 사용했어요. 서로 좋은 거래 되면 좋겠어요 :),20000,24,2,2025-01-02
puppy_5b5115,무료나눔,경기,목줄,[무료나눔] 강아지 이동장 관련 글 #278,직거래 가능해요. 보는 것보다 실물이 더 예뻐요. 직접 보고 결정하셔도 좋아요.,0,48,19,2025-01-03
waggy_c15f43,무료나눔,경기,목줄,[무료나눔] 강아지 이동장 관련 글 #279,급하게 필요해요. 보는 것보다 실물이 더 예뻐요. 직접 보고 결정하셔도 좋아요.,0,4,4,2025-01-04
happy_9bf381,구매,부산,장난감,[구매] 강아지 사료 관련 글 #280,급하게 필요해요. 상태는 정말 좋아요. 정성껏 사용했어요. 필요하신 분은 댓글이나 DM 주세요.,15000,22,9,2025-01-05
sniff_819919,판매,부산,이동장,[판매] 강아지 배변패드 관련 글 #281,"직거래 가능해요. 강아지가 좋아했지만, 더 이상 쓰지 않아서 올려요. 정말 좋은 조건으로 드려요!",5000,48,16,2025-01-06
puppy_cd9548,구매,대전,쿠션,[구매] 강아지 이동장 관련 글 #282,판매합니다. 필요하신 분께 가면 좋겠어요. 편하게 연락 주세요~,20000,20,19,2025-01-07
sniff_64bd53,무료나눔,부산,장난감,[무료나눔] 강아지 사료 관련 글 #283,무료로 드려요. 상태는 정말 좋아요. 정성껏 사용했어요. 필요하신 분은 댓글이나 DM 주세요.,0,24,7,2025-01-08
puppy_f51c51,판매,서울,이동장,[판매] 강아지 장난감 관련 글 #284,"무료로 드려요. 강아지가 좋아했지만, 더 이상 쓰지 않아서 올려요. 정말 좋은 조건으로 드려요!",3000,9,17,2025-01-09
barkl_3be027,무료나눔,경기,이동장,[무료나눔] 강아지 의류 관련 글 #285,"구매 원해요. 강아지가 좋아했지만, 더 이상 쓰지 않아서 올려요. 필요하신 분은 댓글이나 DM 주세요.",0,42,2,2025-01-10
doglo_9d7f84,판매,경기,옷,[판매] 강아지 배변패드 관련 글 #286,급하게 필요해요. 사용감은 있지만 충분히 쓸만해요. 편하게 연락 주세요~,12000,30,10,2025-01-11
sniff_4a8481,무료나눔,인천,장난감,[무료나눔] 강아지 배변패드 관련 글 #287,"구매 원해요. 강아지가 좋아했지만, 더 이상 쓰지 않아서 올려요. 필요하신 분은 댓글이나 DM 주세요.",0,37,10,2025-01-12
waggy_dd6220,무료나눔,경기,간식,[무료나눔] 강아지 배변패드 관련 글 #288,판매합니다. 필요하신 분께 가면 좋겠어요. 정말 좋은 조건으로 드려요!,0,23,15,2025-01-13
waggy_ec5533,판매,대전,옷,[판매] 강아지 사료 관련 글 #289,급하게 필요해요. 사용감은 있지만 충분히 쓸만해요. 편하게 연락 주세요~,10000,2,16,2025-01-14
barkl_455623,구매,경기,이동장,[구매] 강아지 장난감 관련 글 #290,직거래 가능해요. 필요하신 분께 가면 좋겠어요. 직접 보고 결정하셔도 좋아요.,20000,49,13,2025-01-15
doglo_106c36,무료나눔,경기,쿠션,[무료나눔] 강아지 사료 관련 글 #291,무료로 드려요. 필요하신 분께 가면 좋겠어요. 직접 보고 결정하셔도 좋아요.,0,47,13,2025-01-16
waggy_123311,구매,부산,옷,[구매] 강아지 의류 관련 글 #292,"구매 원해요. 강아지가 좋아했지만, 더 이상 쓰지 않아서 올려요. 서로 좋은 거래 되면 좋겠어요 :)",8000,13,7,2025-01-17
waggy_b68d96,무료나눔,서울,간식,[무료나눔] 강아지 장난감 관련 글 #293,급하게 필요해요. 상태는 정말 좋아요. 정성껏 사용했어요. 서로 좋은 거래 되면 좋겠어요 :),0,16,9,2025-01-18
barkl_da1e96,구매,인천,배변패드,[구매] 강아지 장난감 관련 글 #294,"무료로 드려요. 강아지가 좋아했지만, 더 이상 쓰지 않아서 올려요. 서로 좋은 거래 되면 좋겠어요 :)",15000,24,11,2025-01-19
doglo_bf3950,구매,경기,사료,[구매] 강아지 이동장 관련 글 #295,판매합니다. 사용감은 있지만 충분히 쓸만해요. 편하게 연락 주세요~,15000,22,12,2025-01-20
barkl_ce5219,무료나눔,인천,간식,[무료나눔] 강아지 장난감 관련 글 #296,무료로 드려요. 상태는 정말 좋아요. 정성껏 사용했어요. 정말 좋은 조건으로 드려요!,0,13,1,2025-01-21
waggy_f83087,무료나눔,대전,이동장,[무료나눔] 강아지 의류 관련 글 #297,판매합니다. 보는 것보다 실물이 더 예뻐요. 정말 좋은 조건으로 드려요!,0,46,17,2025-01-22
doglo_660739,판매,서울,이동장,[판매] 강아지 장난감 관련 글 #298,직거래 가능해요. 사용감은 있지만 충분히 쓸만해요. 필요하신 분은 댓글이나 DM 주세요.,15000,25,17,2025-01-23
waggy_66a677,구매,대전,장난감,[구매] 강아지 배변패드 관련 글 #299,직거래 가능해요. 상태는 정말 좋아요. 정성껏 사용했어요. 필요하신 분은 댓글이나 DM 주세요.,20000,43,5,2025-01-24
doglo_245432,구매,부산,배변패드,[구매] 강아지 이동장 관련 글 #300,판매합니다. 상태는 정말 좋아요. 정성껏 사용했어요. 필요하신 분은 댓글이나 DM 주세요.,15000,42,5,2025-01-25
