작성자,강아지이름,지역,제목,내용,해시태그,좋아요수,댓글수,게시일자
waggy_db0595,밤비,경기,강아지 일상 공유 #001,서울숲에서 목욕를 했어요. 강아지와 눈이 마주쳤을 때 마음이 따뜻해졌어요. 작은 행복이 큰 힘이 되네요.,#훈련중 #칭찬스티커,293,22,2024-04-01
happy_cd5b34,몽이,대전,강아지 일상 공유 #002,한강 공원에서 간식 만들기를 했어요. 강아지와 눈이 마주쳤을 때 마음이 따뜻해졌어요. 공감하는 분 계실까요?,#장난감 #하루일기,91,11,2024-04-02
doglo_d41e54,바둑이,부산,강아지 일상 공유 #003,반려동물 카페에서 목욕를 했어요. 강아지와 눈이 마주쳤을 때 마음이 따뜻해졌어요. 더 많은 추억을 만들고 싶어졌어요.,#강아지스타그램,30,22,2024-04-03
puppy_382897,푸푸,경기,강아지 일상 공유 #004,한강 공원에서 공놀이를 했어요. 오늘 날씨가 좋아서 기분도 좋았어요. 공감하는 분 계실까요?,#장난감 #하루일기,35,5,2024-04-04
waggy_b2c177,초코,부산,강아지 일상 공유 #005,우리 동네 놀이터에서 목욕를 했어요. 강아지와 눈이 마주쳤을 때 마음이 따뜻해졌어요. 작은 행복이 큰 힘이 되네요.,#산책 #날씨좋음,291,13,2024-04-05
snugg_236143,밤비,서울,강아지 일상 공유 #006,서울숲에서 공놀이를 했어요. 강아지와 눈이 마주쳤을 때 마음이 따뜻해졌어요. 더 많은 추억을 만들고 싶어졌어요.,#훈련중 #칭찬스티커,70,14,2024-04-06
sniff_6d8401,밀크,경기,강아지 일상 공유 #007,강아지 놀이터에서 병원 다녀오기를 했어요. 오늘 날씨가 좋아서 기분도 좋았어요. 이런 일상이 계속되면 좋겠어요.,#훈련중 #칭찬스티커,137,7,2024-04-07
sweet_81a327,코코,광주,강아지 일상 공유 #008,한강 공원에서 공놀이를 했어요. 혼자보다 함께 하니까 하루가 더 특별했어요. 공감하는 분 계실까요?,#강아지스타그램,117,6,2024-04-08
doglo_641d30,밤비,경기,강아지 일상 공유 #009,반려동물 카페에서 간식 만들기를 했어요. 강아지가 너무 신나했어요. 보는 내내 웃음이 절로 나왔어요. 더 많은 추억을 만들고 싶어졌어요.,#산책 #공원 #셀카,245,14,2024-04-09
waggy_21ff19,바둑이,경기,강아지 일상 공유 #010,반려동물 카페에서 공놀이를 했어요. 혼자보다 함께 하니까 하루가 더 특별했어요. 더 많은 추억을 만들고 싶어졌어요.,#산책 #날씨좋음,262,3,2024-04-10
waggy_e11579,밀크,대전,강아지 일상 공유 #011,우리 동네 놀이터에서 공놀이를 했어요. 작은 일이지만 소중한 추억이 되었어요. 더 많은 추억을 만들고 싶어졌어요.,#반려견과함께,119,12,2024-04-11
sweet_db0257,푸푸,광주,강아지 일상 공유 #012,우리 동네 놀이터에서 병원 다녀오기를 했어요. 혼자보다 함께 하니까 하루가 더 특별했어요. 더 많은 추억을 만들고 싶어졌어요.,#장난감 #하루일기,209,21,2024-04-12
sniff_7a0683,푸푸,서울,강아지 일상 공유 #013,반려동물 카페에서 병원 다녀오기를 했어요. 작은 일이지만 소중한 추억이 되었어요. 더 많은 추억을 만들고 싶어졌어요.,#목욕 #강아지케어,126,10,2024-04-13
sniff_b53d45,바둑이,서울,강아지 일상 공유 #014,우리 동네 놀이터에서 간식 만들기를 했어요. 오늘 날씨가 좋아서 기분도 좋았어요. 작은 행복이 큰 힘이 되네요.,#장난감 #하루일기,38,27,2024-04-14
snugg_547b61,밤비,서울,강아지 일상 공유 #015,우리 동네 놀이터에서 산책를 했어요. 작은 일이지만 소중한 추억이 되었어요. 더 많은 추억을 만들고 싶어졌어요.,#산책 #날씨좋음,161,9,2024-04-15
doglo_1aac19,코코,서울,강아지 일상 공유 #016,우리 동네 놀이터에서 산책를 했어요. 강아지와 눈이 마주쳤을 때 마음이 따뜻해졌어요. 공감하는 분 계실까요?,#장난감 #하루일기,57,4,2024-04-16
sniff_cf7003,푸푸,경기,강아지 일상 공유 #017,우리 동네 놀이터에서 병원 다녀오기를 했어요. 강아지와 눈이 마주쳤을 때 마음이 따뜻해졌어요. 다들 반려동물과의 소중한 순간 놓치지 마세요.,#반려견과함께,28,5,2024-04-17
puppy_3af155,코코,인천,강아지 일상 공유 #018,한강 공원에서 병원 다녀오기를 했어요. 작은 일이지만 소중한 추억이 되었어요. 다들 반려동물과의 소중한 순간 놓치지 마세요.,#애견카페 #친구들,81,17,2024-04-18
barkl_607926,몽이,광주,강아지 일상 공유 #019,반려동물 카페에서 병원 다녀오기를 했어요. 작은 일이지만 소중한 추억이 되었어요. 다들 반려동물과의 소중한 순간 놓치지 마세요.,#장난감 #하루일기,255,16,2024-04-19
snugg_d8d418,몽이,광주,강아지 일상 공유 #020,서울숲에서 산책를 했어요. 강아지와 눈이 마주쳤을 때 마음이 따뜻해졌어요. 이런 일상이 계속되면 좋겠어요.,#훈련중 #칭찬스티커,221,24,2024-04-20
snugg_17e593,보리,부산,강아지 일상 공유 #021,서울숲에서 산책를 했어요. 작은 일이지만 소중한 추억이 되었어요. 작은 행복이 큰 힘이 되네요.,#훈련중 #칭찬스티커,128,18,2024-04-21
happy_ac4560,바둑이,서울,강아지 일상 공유 #022,강아지 놀이터에서 공놀이를 했어요. 작은 일이지만 소중한 추억이 되었어요. 다들 반려동물과의 소중한 순간 놓치지 마세요.,#일상공유,149,22,2024-04-22
waggy_329323,푸푸,부산,강아지 일상 공유 #023,강아지 놀이터에서 병원 다녀오기를 했어요. 강아지와 눈이 마주쳤을 때 마음이 따뜻해졌어요. 공감하는 분 계실까요?,#간식만들기 #행복,139,4,2024-04-23
waggy_ad2b09,보리,대전,강아지 일상 공유 #024,한강 공원에서 공놀이를 했어요. 강아지와 눈이 마주쳤을 때 마음이 따뜻해졌어요. 다들 반려동물과의 소중한 순간 놓치지 마세요.,#목욕 #강아지케어,58,2,2024-04-24
sniff_cf2473,바둑이,광주,강아지 일상 공유 #025,반려동물 카페에서 목욕를 했어요. 작은 일이지만 소중한 추억이 되었어요. 더 많은 추억을 만들고 싶어졌어요.,#목욕 #강아지케어,170,6,2024-04-25
waggy_41db30,밤비,부산,강아지 일상 공유 #026,강아지 놀이터에서 목욕를 했어요. 강아지가 너무 신나했어요. 보는 내내 웃음이 절로 나왔어요. 공감하는 분 계실까요?,#훈련중 #칭찬스티커,173,25,2024-04-26
snugg_52d040,뽀삐,대전,강아지 일상 공유 #027,반려동물 카페에서 목욕를 했어요. 강아지와 눈이 마주쳤을 때 마음이 따뜻해졌어요. 작은 행복이 큰 힘이 되네요.,#일상공유,251,9,2024-04-27
snugg_de6398,바둑이,경기,강아지 일상 공유 #028,우리 동네 놀이터에서 병원 다녀오기를 했어요. 작은 일이지만 소중한 추억이 되었어요. 다들 반려동물과의 소중한 순간 놓치지 마세요.,#강아지스타그램,292,16,2024-04-28
waggy_836d26,푸푸,인천,강아지 일상 공유 #029,서울숲에서 목욕를 했어요. 강아지와 눈이 마주쳤을 때 마음이 따뜻해졌어요. 작은 행복이 큰 힘이 되네요.,#훈련중 #칭찬스티커,295,7,2024-04-29
doglo_1dec04,코코,대전,강아지 일상 공유 #030,서울숲에서 목욕를 했어요. 혼자보다 함께 하니까 하루가 더 특별했어요. 다들 반려동물과의 소중한 순간 놓치지 마세요.,#애견카페 #친구들,33,25,2024-04-30
sweet_551370,밤비,경기,강아지 일상 공유 #031,강아지 놀이터에서 목욕를 했어요. 작은 일이지만 소중한 추억이 되었어요. 작은 행복이 큰 힘이 되네요.,#산책 #공원 #셀카,227,15,2024-05-01
puppy_3b5248,푸푸,인천,강아지 일상 공유 #032,반려동물 카페에서 목욕를 했어요. 혼자보다 함께 하니까 하루가 더 특별했어요. 이런 일상이 계속되면 좋겠어요.,#반려견과함께,293,2,2024-05-02
barkl_9c1849,뽀삐,부산,강아지 일상 공유 #033,반려동물 카페에서 병원 다녀오기를 했어요. 작은 일이지만 소중한 추억이 되었어요. 공감하는 분 계실까요?,#간식만들기 #행복,25,25,2024-05-03
waggy_020389,초코,경기,강아지 일상 공유 #034,우리 동네 놀이터에서 공놀이를 했어요. 혼자보다 함께 하니까 하루가 더 특별했어요. 이런 일상이 계속되면 좋겠어요.,#목욕 #강아지케어,213,24,2024-05-04
sniff_2bba43,뽀삐,경기,강아지 일상 공유 #035,우리 동네 놀이터에서 산책를 했어요. 혼자보다 함께 하니까 하루가 더 특별했어요. 공감하는 분 계실까요?,#훈련중 #칭찬스티커,95,18,2024-05-05
sweet_af1535,밀크,경기,강아지 일상 공유 #036,우리 동네 놀이터에서 간식 만들기를 했어요. 강아지가 너무 신나했어요. 보는 내내 웃음이 절로 나왔어요. 다들 반려동물과의 소중한 순간 놓치지 마세요.,#일상공유,202,20,2024-05-06
sweet_6f7758,루루,광주,강아지 일상 공유 #037,반려동물 카페에서 목욕를 했어요. 강아지와 눈이 마주쳤을 때 마음이 따뜻해졌어요. 작은 행복이 큰 힘이 되네요.,#장난감 #하루일기,142,11,2024-05-07
sweet_29fc81,푸푸,인천,강아지 일상 공유 #038,서울숲에서 산책를 했어요. 강아지와 눈이 마주쳤을 때 마음이 따뜻해졌어요. 더 많은 추억을 만들고 싶어졌어요.,#반려견과함께,67,20,2024-05-08
puppy_dc8393,바둑이,서울,강아지 일상 공유 #039,서울숲에서 공놀이를 했어요. 오늘 날씨가 좋아서 기분도 좋았어요. 더 많은 추억을 만들고 싶어졌어요.,#산책 #공원 #셀카,258,28,2024-05-09
happy_d01109,바둑이,광주,강아지 일상 공유 #040,서울숲에서 공놀이를 했어요. 오늘 날씨가 좋아서 기분도 좋았어요. 이런 일상이 계속되면 좋겠어요.,#강아지스타그램,226,4,2024-05-10
snugg_078663,밤비,광주,강아지 일상 공유 #041,강아지 놀이터에서 목욕를 했어요. 작은 일이지만 소중한 추억이 되었어요. 이런 일상이 계속되면 좋겠어요.,#훈련중 #칭찬스티커,42,19,2024-05-11
sniff_082943,바둑이,서울,강아지 일상 공유 #042,서울숲에서 산책를 했어요. 강아지와 눈이 마주쳤을 때 마음이 따뜻해졌어요. 다들 반려동물과의 소중한 순간 놓치지 마세요.,#애견카페 #친구들,40,7,2024-05-12
snugg_882404,밀크,경기,강아지 일상 공유 #043,강아지 놀이터에서 간식 만들기를 했어요. 작은 일이지만 소중한 추억이 되었어요. 다들 반려동물과의 소중한 순간 놓치지 마세요.,#강아지스타그램,17,8,2024-05-13
waggy_566616,바둑이,경기,강아지 일상 공유 #044,우리 동네 놀이터에서 목욕를 했어요. 혼자보다 함께 하니까 하루가 더 특별했어요. 이런 일상이 계속되면 좋겠어요.,#산책 #공원 #셀카,201,10,2024-05-14
happy_dd5491,뽀삐,서울,강아지 일상 공유 #045,한강 공원에서 병원 다녀오기를 했어요. 강아지가 너무 신나했어요. 보는 내내 웃음이 절로 나왔어요. 더 많은 추억을 만들고 싶어졌어요.,#훈련중 #칭찬스티커,83,6,2024-05-15
happy_540b39,루루,대전,강아지 일상 공유 #046,한강 공원에서 공놀이를 했어요. 작은 일이지만 소중한 추억이 되었어요. 다들 반려동물과의 소중한 순간 놓치지 마세요.,#산책 #공원 #셀카,235,17,2024-05-16
snugg_7ff698,밤비,경기,강아지 일상 공유 #047,한강 공원에서 간식 만들기를 했어요. 작은 일이지만 소중한 추억이 되었어요. 다들 반려동물과의 소중한 순간 놓치지 마세요.,#산책 #날씨좋음,70,24,2024-05-17
puppy_a78b95,바둑이,부산,강아지 일상 공유 #048,우리 동네 놀이터에서 산책를 했어요. 오늘 날씨가 좋아서 기분도 좋았어요. 작은 행복이 큰 힘이 되네요.,#간식만들기 #행복,100,16,2024-05-18
sweet_78d447,밀크,부산,강아지 일상 공유 #049,반려동물 카페에서 병원 다녀오기를 했어요. 오늘 날씨가 좋아서 기분도 좋았어요. 작은 행복이 큰 힘이 되네요.,#강아지스타그램,62,1,2024-05-19
puppy_897a96,코코,광주,강아지 일상 공유 #050,우리 동네 놀이터에서 간식 만들기를 했어요. 강아지와 눈이 마주쳤을 때 마음이 따뜻해졌어요. 더 많은 추억을 만들고 싶어졌어요.,#산책 #공원 #셀카,168,4,2024-05-20
doglo_d69b96,코코,인천,강아지 일상 공유 #051,강아지 놀이터에서 공놀이를 했어요. 강아지와 눈이 마주쳤을 때 마음이 따뜻해졌어요. 공감하는 분 계실까요?,#일상공유,252,27,2024-05-21
snugg_010d80,초코,서울,강아지 일상 공유 #052,우리 동네 놀이터에서 공놀이를 했어요. 오늘 날씨가 좋아서 기분도 좋았어요. 작은 행복이 큰 힘이 되네요.,#강아지스타그램,89,17,2024-05-22
puppy_b9f814,푸푸,대전,강아지 일상 공유 #053,서울숲에서 간식 만들기를 했어요. 혼자보다 함께 하니까 하루가 더 특별했어요. 다들 반려동물과의 소중한 순간 놓치지 마세요.,#강아지스타그램,67,6,2024-05-23
barkl_782764,보리,인천,강아지 일상 공유 #054,한강 공원에서 목욕를 했어요. 혼자보다 함께 하니까 하루가 더 특별했어요. 더 많은 추억을 만들고 싶어졌어요.,#간식만들기 #행복,139,13,2024-05-24
waggy_3c7a50,푸푸,서울,강아지 일상 공유 #055,서울숲에서 공놀이를 했어요. 강아지와 눈이 마주쳤을 때 마음이 따뜻해졌어요. 공감하는 분 계실까요?,#반려견과함께,260,16,2024-05-25
sniff_bbbd07,푸푸,대전,강아지 일상 공유 #056,강아지 놀이터에서 병원 다녀오기를 했어요. 혼자보다 함께 하니까 하루가 더 특별했어요. 이런 일상이 계속되면 좋겠어요.,#간식만들기 #행복,208,29,2024-05-26
sniff_0a4965,밤비,대전,강아지 일상 공유 #057,강아지 놀이터에서 산책를 했어요. 강아지가 너무 신나했어요. 보는 내내 웃음이 절로 나왔어요. 다들 반려동물과의 소중한 순간 놓치지 마세요.,#산책 #공원 #셀카,77,17,2024-05-27
sniff_8f4983,밤비,대전,강아지 일상 공유 #058,강아지 놀이터에서 목욕를 했어요. 강아지가 너무 신나했어요. 보는 내내 웃음이 절로 나왔어요. 이런 일상이 계속되면 좋겠어요.,#산책 #공원 #셀카,76,20,2024-05-28
snugg_b02a81,푸푸,광주,강아지 일상 공유 #059,우리 동네 놀이터에서 간식 만들기를 했어요. 강아지가 너무 신나했어요. 보는 내내 웃음이 절로 나왔어요. 공감하는 분 계실까요?,#목욕 #강아지케어,168,3,2024-05-29
sniff_e03685,뽀삐,대전,강아지 일상 공유 #060,우리 동네 놀이터에서 목욕를 했어요. 혼자보다 함께 하니까 하루가 더 특별했어요. 더 많은 추억을 만들고 싶어졌어요.,#애견카페 #친구들,128,6,2024-05-30
snugg_26a707,밀크,대전,강아지 일상 공유 #061,반려동물 카페에서 산책를 했어요. 혼자보다 함께 하니까 하루가 더 특별했어요. 작은 행복이 큰 힘이 되네요.,#일상공유,74,9,2024-05-31
waggy_f70b06,초코,서울,강아지 일상 공유 #062,서울숲에서 산책를 했어요. 오늘 날씨가 좋아서 기분도 좋았어요. 공감하는 분 계실까요?,#장난감 #하루일기,48,18,2024-06-01
puppy_e33c11,코코,대전,강아지 일상 공유 #063,우리 동네 놀이터에서 공놀이를 했어요. 작은 일이지만 소중한 추억이 되었어요. 더 많은 추억을 만들고 싶어졌어요.,#일상공유,231,25,2024-06-02
waggy_9fb251,푸푸,경기,강아지 일상 공유 #064,우리 동네 놀이터에서 산책를 했어요. 혼자보다 함께 하니까 하루가 더 특별했어요. 작은 행복이 큰 힘이 되네요.,#간식만들기 #행복,111,21,2024-06-03
snugg_edac10,밀크,서울,강아지 일상 공유 #065,반려동물 카페에서 공놀이를 했어요. 강아지가 너무 신나했어요. 보는 내내 웃음이 절로 나왔어요. 다들 반려동물과의 소중한 순간 놓치지 마세요.,#산책 #날씨좋음,290,24,2024-06-04
barkl_1d8530,뽀삐,부산,강아지 일상 공유 #066,강아지 놀이터에서 공놀이를 했어요. 작은 일이지만 소중한 추억이 되었어요. 더 많은 추억을 만들고 싶어졌어요.,#강아지스타그램,68,1,2024-06-05
happy_318360,코코,광주,강아지 일상 공유 #067,우리 동네 놀이터에서 간식 만들기를 했어요. 강아지와 눈이 마주쳤을 때 마음이 따뜻해졌어요. 공감하는 분 계실까요?,#장난감 #하루일기,61,6,2024-06-06
sniff_6fdb26,몽이,대전,강아지 일상 공유 #068,반려동물 카페에서 공놀이를 했어요. 강아지가 너무 신나했어요. 보는 내내 웃음이 절로 나왔어요. 더 많은 추억을 만들고 싶어졌어요.,#반려견과함께,32,23,2024-06-07
doglo_357428,몽이,대전,강아지 일상 공유 #069,한강 공원에서 병원 다녀오기를 했어요. 작은 일이지만 소중한 추억이 되었어요. 더 많은 추억을 만들고 싶어졌어요.,#간식만들기 #행복,193,14,2024-06-08
snugg_d30709,초코,광주,강아지 일상 공유 #070,우리 동네 놀이터에서 산책를 했어요. 강아지와 눈이 마주쳤을 때 마음이 따뜻해졌어요. 이런 일상이 계속되면 좋겠어요.,#장난감 #하루일기,256,7,2024-06-09
sniff_1e7523,보리,대전,강아지 일상 공유 #071,한강 공원에서 병원 다녀오기를 했어요. 강아지와 눈이 마주쳤을 때 마음이 따뜻해졌어요. 다들 반려동물과의 소중한 순간 놓치지 마세요.,#강아지스타그램,231,0,2024-06-10
sniff_354c88,몽이,서울,강아지 일상 공유 #072,반려동물 카페에서 병원 다녀오기를 했어요. 강아지가 너무 신나했어요. 보는 내내 웃음이 절로 나왔어요. 다들 반려동물과의 소중한 순간 놓치지 마세요.,#강아지스타그램,68,3,2024-06-11
barkl_255e80,몽이,경기,강아지 일상 공유 #073,우리 동네 놀이터에서 병원 다녀오기를 했어요. 작은 일이지만 소중한 추억이 되었어요. 이런 일상이 계속되면 좋겠어요.,#목욕 #강아지케어,270,27,2024-06-12
sniff_456422,루루,부산,강아지 일상 공유 #074,서울숲에서 병원 다녀오기를 했어요. 작은 일이지만 소중한 추억이 되었어요. 이런 일상이 계속되면 좋겠어요.,#간식만들기 #행복,255,18,2024-06-13
snugg_53b482,밤비,광주,강아지 일상 공유 #075,반려동물 카페에서 간식 만들기를 했어요. 오늘 날씨가 좋아서 기분도 좋았어요. 공감하는 분 계실까요?,#훈련중 #칭찬스티커,56,28,2024-06-14
happy_77c293,푸푸,서울,강아지 일상 공유 #076,서울숲에서 병원 다녀오기를 했어요. 작은 일이지만 소중한 추억이 되었어요. 공감하는 분 계실까요?,#반려견과함께,210,16,2024-06-15
sweet_f0a137,몽이,경기,강아지 일상 공유 #077,반려동물 카페에서 산책를 했어요. 강아지와 눈이 마주쳤을 때 마음이 따뜻해졌어요. 공감하는 분 계실까요?,#애견카페 #친구들,53,16,2024-06-16
sweet_042110,초코,경기,강아지 일상 공유 #078,우리 동네 놀이터에서 산책를 했어요. 작은 일이지만 소중한 추억이 되었어요. 작은 행복이 큰 힘이 되네요.,#애견카페 #친구들,264,21,2024-06-17
barkl_f67796,밤비,인천,강아지 일상 공유 #079,한강 공원에서 공놀이를 했어요. 강아지와 눈이 마주쳤을 때 마음이 따뜻해졌어요. 이런 일상이 계속되면 좋겠어요.,#산책 #날씨좋음,277,16,2024-06-18
sweet_fffb85,푸푸,경기,강아지 일상 공유 #080,한강 공원에서 간식 만들기를 했어요. 혼자보다 함께 하니까 하루가 더 특별했어요. 이런 일상이 계속되면 좋겠어요.,#반려견과함께,166,2,2024-06-19
snugg_d9ac35,푸푸,부산,강아지 일상 공유 #081,반려동물 카페에서 산책를 했어요. 오늘 날씨가 좋아서 기분도 좋았어요. 공감하는 분 계실까요?,#산책 #공원 #셀카,215,13,2024-06-20
sniff_bca497,밤비,대전,강아지 일상 공유 #082,한강 공원에서 목욕를 했어요. 작은 일이지만 소중한 추억이 되었어요. 다들 반려동물과의 소중한 순간 놓치지 마세요.,#간식만들기 #행복,98,17,2024-06-21
waggy_dd2f27,보리,부산,강아지 일상 공유 #083,서울숲에서 간식 만들기를 했어요. 혼자보다 함께 하니까 하루가 더 특별했어요. 공감하는 분 계실까요?,#간식만들기 #행복,259,29,2024-06-22
waggy_657a76,몽이,인천,강아지 일상 공유 #084,강아지 놀이터에서 간식 만들기를 했어요. 작은 일이지만 소중한 추억이 되었어요. 이런 일상이 계속되면 좋겠어요.,#장난감 #하루일기,257,27,2024-06-23
puppy_1e8116,뽀삐,경기,강아지 일상 공유 #085,반려동물 카페에서 공놀이를 했어요. 혼자보다 함께 하니까 하루가 더 특별했어요. 이런 일상이 계속되면 좋겠어요.,#반려견과함께,169,11,2024-06-24
sniff_727880,뽀삐,광주,강아지 일상 공유 #086,서울숲에서 병원 다녀오기를 했어요. 작은 일이지만 소중한 추억이 되었어요. 더 많은 추억을 만들고 싶어졌어요.,#반려견과함께,194,11,2024-06-25
puppy_920995,푸푸,경기,강아지 일상 공유 #087,서울숲에서 공놀이를 했어요. 오늘 날씨가 좋아서 기분도 좋았어요. 이런 일상이 계속되면 좋겠어요.,#산책 #공원 #셀카,251,11,2024-06-26
sweet_704878,루루,경기,강아지 일상 공유 #088,우리 동네 놀이터에서 간식 만들기를 했어요. 강아지와 눈이 마주쳤을 때 마음이 따뜻해졌어요. 공감하는 분 계실까요?,#일상공유,46,5,2024-06-27
doglo_02b210,밤비,대전,강아지 일상 공유 #089,반려동물 카페에서 간식 만들기를 했어요. 강아지가 너무 신나했어요. 보는 내내 웃음이 절로 나왔어요. 다들 반려동물과의 소중한 순간 놓치지 마세요.,#반려견과함께,54,15,2024-06-28
sweet_9cd144,몽이,경기,강아지 일상 공유 #090,강아지 놀이터에서 목욕를 했어요. 강아지가 너무 신나했어요. 보는 내내 웃음이 절로 나왔어요. 작은 행복이 큰 힘이 되네요.,#간식만들기 #행복,33,29,2024-06-29
puppy_6a0b37,몽이,서울,강아지 일상 공유 #091,서울숲에서 산책를 했어요. 오늘 날씨가 좋아서 기분도 좋았어요. 공감하는 분 계실까요?,#훈련중 #칭찬스티커,174,7,2024-06-30
puppy_da6228,밤비,광주,강아지 일상 공유 #092,반려동물 카페에서 산책를 했어요. 강아지가 너무 신나했어요. 보는 내내 웃음이 절로 나왔어요. 다들 반려동물과의 소중한 순간 놓치지 마세요.,#산책 #공원 #셀카,126,24,2024-07-01
sweet_d45b05,코코,광주,강아지 일상 공유 #093,한강 공원에서 산책를 했어요. 강아지와 눈이 마주쳤을 때 마음이 따뜻해졌어요. 이런 일상이 계속되면 좋겠어요.,#일상공유,290,22,2024-07-02
doglo_19cd17,코코,부산,강아지 일상 공유 #094,강아지 놀이터에서 병원 다녀오기를 했어요. 오늘 날씨가 좋아서 기분도 좋았어요. 다들 반려동물과의 소중한 순간 놓치지 마세요.,#애견카페 #친구들,61,27,2024-07-03
sniff_bb8868,코코,광주,강아지 일상 공유 #095,한강 공원에서 간식 만들기를 했어요. 작은 일이지만 소중한 추억이 되었어요. 다들 반려동물과의 소중한 순간 놓치지 마세요.,#장난감 #하루일기,18,11,2024-07-04
puppy_12f418,몽이,대전,강아지 일상 공유 #096,반려동물 카페에서 공놀이를 했어요. 오늘 날씨가 좋아서 기분도 좋았어요. 다들 반려동물과의 소중한 순간 놓치지 마세요.,#장난감 #하루일기,218,16,2024-07-05
waggy_fb2b69,푸푸,서울,강아지 일상 공유 #097,반려동물 카페에서 목욕를 했어요. 강아지가 너무 신나했어요. 보는 내내 웃음이 절로 나왔어요. 더 많은 추억을 만들고 싶어졌어요.,#일상공유,286,18,2024-07-06
barkl_ed4575,몽이,광주,강아지 일상 공유 #098,우리 동네 놀이터에서 병원 다녀오기를 했어요. 강아지와 눈이 마주쳤을 때 마음이 따뜻해졌어요. 작은 행복이 큰 힘이 되네요.,#반려견과함께,215,20,2024-07-07
snugg_146655,초코,인천,강아지 일상 공유 #099,서울숲에서 목욕를 했어요. 강아지가 너무 신나했어요. 보는 내내 웃음이 절로 나왔어요. 더 많은 추억을 만들고 싶어졌어요.,#강아지스타그램,171,3,2024-07-08
sniff_3a7104,푸푸,경기,강아지 일상 공유 #100,서울숲에서 간식 만들기를 했어요. 혼자보다 함께 하니까 하루가 더 특별했어요. 작은 행복이 큰 힘이 되네요.,#훈련중 #칭찬스티커,196,21,2024-07-09
snugg_a34882,뽀삐,인천,강아지 일상 공유 #101,한강 공원에서 병원 다녀오기를 했어요. 강아지와 눈이 마주쳤을 때 마음이 따뜻해졌어요. 다들 반려동물과의 소중한 순간 놓치지 마세요.,#목욕 #강아지케어,183,16,2024-07-10
waggy_f29818,밤비,대전,강아지 일상 공유 #102,강아지 놀이터에서 병원 다녀오기를 했어요. 작은 일이지만 소중한 추억이 되었어요. 이런 일상이 계속되면 좋겠어요.,#반려견과함께,79,27,2024-07-11
barkl_dce407,뽀삐,인천,강아지 일상 공유 #103,우리 동네 놀이터에서 간식 만들기를 했어요. 강아지와 눈이 마주쳤을 때 마음이 따뜻해졌어요. 작은 행복이 큰 힘이 되네요.,#강아지스타그램,295,28,2024-07-12
snugg_387175,초코,인천,강아지 일상 공유 #104,강아지 놀이터에서 간식 만들기를 했어요. 강아지가 너무 신나했어요. 보는 내내 웃음이 절로 나왔어요. 작은 행복이 큰 힘이 되네요.,#반려견과함께,257,6,2024-07-13
barkl_634641,푸푸,대전,강아지 일상 공유 #105,강아지 놀이터에서 공놀이를 했어요. 강아지와 눈이 마주쳤을 때 마음이 따뜻해졌어요. 공감하는 분 계실까요?,#산책 #날씨좋음,120,13,2024-07-14
snugg_b84338,뽀삐,대전,강아지 일상 공유 #106,서울숲에서 공놀이를 했어요. 혼자보다 함께 하니까 하루가 더 특별했어요. 다들 반려동물과의 소중한 순간 놓치지 마세요.,#훈련중 #칭찬스티커,94,23,2024-07-15
waggy_35c943,루루,경기,강아지 일상 공유 #107,강아지 놀이터에서 산책를 했어요. 강아지와 눈이 마주쳤을 때 마음이 따뜻해졌어요. 공감하는 분 계실까요?,#애견카페 #친구들,113,28,2024-07-16
waggy_0f4284,코코,경기,강아지 일상 공유 #108,강아지 놀이터에서 병원 다녀오기를 했어요. 강아지와 눈이 마주쳤을 때 마음이 따뜻해졌어요. 다들 반려동물과의 소중한 순간 놓치지 마세요.,#강아지스타그램,82,21,2024-07-17
waggy_462e81,몽이,광주,강아지 일상 공유 #109,강아지 놀이터에서 공놀이를 했어요. 혼자보다 함께 하니까 하루가 더 특별했어요. 다들 반려동물과의 소중한 순간 놓치지 마세요.,#산책 #날씨좋음,44,18,2024-07-18
puppy_ef1537,푸푸,광주,강아지 일상 공유 #110,우리 동네 놀이터에서 산책를 했어요. 작은 일이지만 소중한 추억이 되었어요. 작은 행복이 큰 힘이 되네요.,#훈련중 #칭찬스티커,285,12,2024-07-19
barkl_cb2f01,몽이,광주,강아지 일상 공유 #111,한강 공원에서 병원 다녀오기를 했어요. 강아지가 너무 신나했어요. 보는 내내 웃음이 절로 나왔어요. 이런 일상이 계속되면 좋겠어요.,#산책 #공원 #셀카,198,21,2024-07-20
barkl_ef7a24,뽀삐,광주,강아지 일상 공유 #112,우리 동네 놀이터에서 간식 만들기를 했어요. 강아지와 눈이 마주쳤을 때 마음이 따뜻해졌어요. 더 많은 추억을 만들고 싶어졌어요.,#산책 #날씨좋음,172,6,2024-07-21
waggy_834f33,루루,부산,강아지 일상 공유 #113,한강 공원에서 산책를 했어요. 강아지가 너무 신나했어요. 보는 내내 웃음이 절로 나왔어요. 더 많은 추억을 만들고 싶어졌어요.,#목욕 #강아지케어,20,21,2024-07-22
sweet_9a7491,보리,대전,강아지 일상 공유 #114,반려동물 카페에서 공놀이를 했어요. 작은 일이지만 소중한 추억이 되었어요. 다들 반려동물과의 소중한 순간 놓치지 마세요.,#산책 #공원 #셀카,281,11,2024-07-23
sweet_8cdd96,밀크,서울,강아지 일상 공유 #115,우리 동네 놀이터에서 목욕를 했어요. 오늘 날씨가 좋아서 기분도 좋았어요. 다들 반려동물과의 소중한 순간 놓치지 마세요.,#강아지스타그램,189,12,2024-07-24
waggy_400879,루루,서울,강아지 일상 공유 #116,서울숲에서 산책를 했어요. 작은 일이지만 소중한 추억이 되었어요. 다들 반려동물과의 소중한 순간 놓치지 마세요.,#산책 #날씨좋음,260,26,2024-07-25
snugg_87b896,뽀삐,서울,강아지 일상 공유 #117,반려동물 카페에서 공놀이를 했어요. 작은 일이지만 소중한 추억이 되었어요. 다들 반려동물과의 소중한 순간 놓치지 마세요.,#강아지스타그램,196,20,2024-07-26
snugg_7a5647,보리,광주,강아지 일상 공유 #118,반려동물 카페에서 목욕를 했어요. 혼자보다 함께 하니까 하루가 더 특별했어요. 공감하는 분 계실까요?,#일상공유,202,4,2024-07-27
puppy_e78141,바둑이,경기,강아지 일상 공유 #119,강아지 놀이터에서 병원 다녀오기를 했어요. 혼자보다 함께 하니까 하루가 더 특별했어요. 작은 행복이 큰 힘이 되네요.,#애견카페 #친구들,252,22,2024-07-28
sniff_d77e88,코코,부산,강아지 일상 공유 #120,우리 동네 놀이터에서 목욕를 했어요. 강아지와 눈이 마주쳤을 때 마음이 따뜻해졌어요. 공감하는 분 계실까요?,#산책 #날씨좋음,235,13,2024-07-29
snugg_601c36,바둑이,부산,강아지 일상 공유 #121,강아지 놀이터에서 산책를 했어요. 작은 일이지만 소중한 추억이 되었어요. 작은 행복이 큰 힘이 되네요.,#일상공유,85,29,2024-07-30
happy_c1ef70,밀크,인천,강아지 일상 공유 #122,서울숲에서 목욕를 했어요. 혼자보다 함께 하니까 하루가 더 특별했어요. 공감하는 분 계실까요?,#산책 #공원 #셀카,103,28,2024-07-31
sniff_f87021,바둑이,광주,강아지 일상 공유 #123,한강 공원에서 병원 다녀오기를 했어요. 강아지가 너무 신나했어요. 보는 내내 웃음이 절로 나왔어요. 다들 반려동물과의 소중한 순간 놓치지 마세요.,#애견카페 #친구들,282,14,2024-08-01
barkl_12c287,보리,대전,강아지 일상 공유 #124,한강 공원에서 목욕를 했어요. 강아지와 눈이 마주쳤을 때 마음이 따뜻해졌어요. 더 많은 추억을 만들고 싶어졌어요.,#장난감 #하루일기,24,11,2024-08-02
doglo_9cce28,푸푸,부산,강아지 일상 공유 #125,반려동물 카페에서 간식 만들기를 했어요. 혼자보다 함께 하니까 하루가 더 특별했어요. 다들 반려동물과의 소중한 순간 놓치지 마세요.,#반려견과함께,233,2,2024-08-03
puppy_ba5826,푸푸,서울,강아지 일상 공유 #126,서울숲에서 목욕를 했어요. 강아지가 너무 신나했어요. 보는 내내 웃음이 절로 나왔어요. 공감하는 분 계실까요?,#반려견과함께,44,21,2024-08-04
happy_fadd79,보리,경기,강아지 일상 공유 #127,반려동물 카페에서 공놀이를 했어요. 작은 일이지만 소중한 추억이 되었어요. 더 많은 추억을 만들고 싶어졌어요.,#산책 #공원 #셀카,276,18,2024-08-05
snugg_14ee64,밤비,광주,강아지 일상 공유 #128,우리 동네 놀이터에서 목욕를 했어요. 작은 일이지만 소중한 추억이 되었어요. 공감하는 분 계실까요?,#훈련중 #칭찬스티커,47,14,2024-08-06
snugg_5de694,루루,대전,강아지 일상 공유 #129,강아지 놀이터에서 공놀이를 했어요. 혼자보다 함께 하니까 하루가 더 특별했어요. 다들 반려동물과의 소중한 순간 놓치지 마세요.,#강아지스타그램,161,27,2024-08-07
puppy_e98c66,푸푸,부산,강아지 일상 공유 #130,서울숲에서 병원 다녀오기를 했어요. 작은 일이지만 소중한 추억이 되었어요. 다들 반려동물과의 소중한 순간 놓치지 마세요.,#강아지스타그램,147,26,2024-08-08
sweet_348247,초코,대전,강아지 일상 공유 #131,반려동물 카페에서 산책를 했어요. 강아지와 눈이 마주쳤을 때 마음이 따뜻해졌어요. 이런 일상이 계속되면 좋겠어요.,#애견카페 #친구들,255,11,2024-08-09
puppy_908327,밀크,경기,강아지 일상 공유 #132,한강 공원에서 산책를 했어요. 오늘 날씨가 좋아서 기분도 좋았어요. 공감하는 분 계실까요?,#강아지스타그램,173,24,2024-08-10
puppy_9b1609,몽이,부산,강아지 일상 공유 #133,서울숲에서 공놀이를 했어요. 오늘 날씨가 좋아서 기분도 좋았어요. 다들 반려동물과의 소중한 순간 놓치지 마세요.,#산책 #날씨좋음,144,0,2024-08-11
sweet_b02e44,밀크,광주,강아지 일상 공유 #134,한강 공원에서 공놀이를 했어요. 강아지와 눈이 마주쳤을 때 마음이 따뜻해졌어요. 공감하는 분 계실까요?,#일상공유,129,6,2024-08-12
snugg_72e266,루루,서울,강아지 일상 공유 #135,우리 동네 놀이터에서 산책를 했어요. 강아지와 눈이 마주쳤을 때 마음이 따뜻해졌어요. 더 많은 추억을 만들고 싶어졌어요.,#강아지스타그램,262,18,2024-08-13
waggy_778e52,초코,경기,강아지 일상 공유 #136,강아지 놀이터에서 간식 만들기를 했어요. 오늘 날씨가 좋아서 기분도 좋았어요. 이런 일상이 계속되면 좋겠어요.,#목욕 #강아지케어,119,11,2024-08-14
barkl_893f27,보리,대전,강아지 일상 공유 #137,반려동물 카페에서 병원 다녀오기를 했어요. 작은 일이지만 소중한 추억이 되었어요. 이런 일상이 계속되면 좋겠어요.,#장난감 #하루일기,233,24,2024-08-15
snugg_0e9511,몽이,광주,강아지 일상 공유 #138,한강 공원에서 병원 다녀오기를 했어요. 혼자보다 함께 하니까 하루가 더 특별했어요. 더 많은 추억을 만들고 싶어졌어요.,#반려견과함께,264,6,2024-08-16
happy_90ce00,루루,부산,강아지 일상 공유 #139,우리 동네 놀이터에서 산책를 했어요. 강아지와 눈이 마주쳤을 때 마음이 따뜻해졌어요. 공감하는 분 계실까요?,#목욕 #강아지케어,20,14,2024-08-17
waggy_fb9595,푸푸,서울,강아지 일상 공유 #140,서울숲에서 산책를 했어요. 오늘 날씨가 좋아서 기분도 좋았어요. 더 많은 추억을 만들고 싶어졌어요.,#반려견과함께,198,29,2024-08-18
snugg_271d20,푸푸,서울,강아지 일상 공유 #141,서울숲에서 공놀이를 했어요. 강아지가 너무 신나했어요. 보는 내내 웃음이 절로 나왔어요. 더 많은 추억을 만들고 싶어졌어요.,#반려견과함께,156,7,2024-08-19
doglo_9dae95,코코,대전,강아지 일상 공유 #142,반려동물 카페에서 목욕를 했어요. 혼자보다 함께 하니까 하루가 더 특별했어요. 작은 행복이 큰 힘이 되네요.,#강아지스타그램,174,12,2024-08-20
sniff_3b1c87,밀크,광주,강아지 일상 공유 #143,강아지 놀이터에서 산책를 했어요. 혼자보다 함께 하니까 하루가 더 특별했어요. 공감하는 분 계실까요?,#목욕 #강아지케어,100,28,2024-08-21
barkl_45f997,밤비,경기,강아지 일상 공유 #144,강아지 놀이터에서 병원 다녀오기를 했어요. 강아지가 너무 신나했어요. 보는 내내 웃음이 절로 나왔어요. 다들 반려동물과의 소중한 순간 놓치지 마세요.,#산책 #날씨좋음,143,0,2024-08-22
happy_68c092,밤비,대전,강아지 일상 공유 #145,우리 동네 놀이터에서 산책를 했어요. 오늘 날씨가 좋아서 기분도 좋았어요. 이런 일상이 계속되면 좋겠어요.,#일상공유,16,23,2024-08-23
happy_04a985,밀크,광주,강아지 일상 공유 #146,강아지 놀이터에서 간식 만들기를 했어요. 작은 일이지만 소중한 추억이 되었어요. 더 많은 추억을 만들고 싶어졌어요.,#훈련중 #칭찬스티커,295,3,2024-08-24
puppy_d31330,밀크,부산,강아지 일상 공유 #147,강아지 놀이터에서 산책를 했어요. 오늘 날씨가 좋아서 기분도 좋았어요. 다들 반려동물과의 소중한 순간 놓치지 마세요.,#목욕 #강아지케어,104,19,2024-08-25
happy_85b811,루루,광주,강아지 일상 공유 #148,한강 공원에서 간식 만들기를 했어요. 작은 일이지만 소중한 추억이 되었어요. 작은 행복이 큰 힘이 되네요.,#목욕 #강아지케어,123,1,2024-08-26
snugg_0b7301,초코,경기,강아지 일상 공유 #149,반려동물 카페에서 산책를 했어요. 강아지와 눈이 마주쳤을 때 마음이 따뜻해졌어요. 이런 일상이 계속되면 좋겠어요.,#일상공유,132,15,2024-08-27
sniff_d60437,코코,서울,강아지 일상 공유 #150,서울숲에서 공놀이를 했어요. 강아지와 눈이 마주쳤을 때 마음이 따뜻해졌어요. 공감하는 분 계실까요?,#산책 #날씨좋음,205,19,2024-08-28
sniff_6aab03,몽이,대전,강아지 일상 공유 #151,우리 동네 놀이터에서 산책를 했어요. 오늘 날씨가 좋아서 기분도 좋았어요. 작은 행복이 큰 힘이 되네요.,#목욕 #강아지케어,43,29,2024-08-29
puppy_21e704,밤비,부산,강아지 일상 공유 #152,반려동물 카페에서 병원 다녀오기를 했어요. 오늘 날씨가 좋아서 기분도 좋았어요. 다들 반려동물과의 소중한 순간 놓치지 마세요.,#훈련중 #칭찬스티커,272,24,2024-08-30
doglo_068196,바둑이,경기,강아지 일상 공유 #153,우리 동네 놀이터에서 산책를 했어요. 강아지가 너무 신나했어요. 보는 내내 웃음이 절로 나왔어요. 더 많은 추억을 만들고 싶어졌어요.,#장난감 #하루일기,56,19,2024-08-31
snugg_1d7c25,푸푸,서울,강아지 일상 공유 #154,서울숲에서 간식 만들기를 했어요. 오늘 날씨가 좋아서 기분도 좋았어요. 작은 행복이 큰 힘이 되네요.,#일상공유,107,14,2024-09-01
happy_19a559,루루,대전,강아지 일상 공유 #155,서울숲에서 병원 다녀오기를 했어요. 강아지가 너무 신나했어요. 보는 내내 웃음이 절로 나왔어요. 더 많은 추억을 만들고 싶어졌어요.,#간식만들기 #행복,17,2,2024-09-02
sniff_516c47,뽀삐,인천,강아지 일상 공유 #156,강아지 놀이터에서 병원 다녀오기를 했어요. 혼자보다 함께 하니까 하루가 더 특별했어요. 공감하는 분 계실까요?,#산책 #날씨좋음,67,13,2024-09-03
sweet_a6ca94,보리,광주,강아지 일상 공유 #157,서울숲에서 산책를 했어요. 강아지와 눈이 마주쳤을 때 마음이 따뜻해졌어요. 작은 행복이 큰 힘이 되네요.,#훈련중 #칭찬스티커,31,29,2024-09-04
doglo_c86035,몽이,서울,강아지 일상 공유 #158,한강 공원에서 산책를 했어요. 작은 일이지만 소중한 추억이 되었어요. 다들 반려동물과의 소중한 순간 놓치지 마세요.,#산책 #날씨좋음,270,4,2024-09-05
snugg_d59443,코코,인천,강아지 일상 공유 #159,한강 공원에서 목욕를 했어요. 강아지와 눈이 마주쳤을 때 마음이 따뜻해졌어요. 더 많은 추억을 만들고 싶어졌어요.,#목욕 #강아지케어,148,23,2024-09-06
puppy_d42301,코코,서울,강아지 일상 공유 #160,반려동물 카페에서 간식 만들기를 했어요. 혼자보다 함께 하니까 하루가 더 특별했어요. 이런 일상이 계속되면 좋겠어요.,#산책 #공원 #셀카,41,24,2024-09-07
snugg_29f227,바둑이,대전,강아지 일상 공유 #161,우리 동네 놀이터에서 간식 만들기를 했어요. 작은 일이지만 소중한 추억이 되었어요. 다들 반려동물과의 소중한 순간 놓치지 마세요.,#산책 #날씨좋음,263,10,2024-09-08
doglo_3d6d80,뽀삐,경기,강아지 일상 공유 #162,우리 동네 놀이터에서 병원 다녀오기를 했어요. 작은 일이지만 소중한 추억이 되었어요. 공감하는 분 계실까요?,#반려견과함께,106,15,2024-09-09
snugg_fa5c40,밀크,대전,강아지 일상 공유 #163,서울숲에서 병원 다녀오기를 했어요. 작은 일이지만 소중한 추억이 되었어요. 이런 일상이 계속되면 좋겠어요.,#산책 #날씨좋음,61,15,2024-09-10
snugg_37d707,밀크,인천,강아지 일상 공유 #164,반려동물 카페에서 목욕를 했어요. 강아지가 너무 신나했어요. 보는 내내 웃음이 절로 나왔어요. 이런 일상이 계속되면 좋겠어요.,#간식만들기 #행복,182,15,2024-09-11
waggy_90fd29,몽이,부산,강아지 일상 공유 #165,한강 공원에서 목욕를 했어요. 강아지가 너무 신나했어요. 보는 내내 웃음이 절로 나왔어요. 공감하는 분 계실까요?,#애견카페 #친구들,42,20,2024-09-12
doglo_7bde81,푸푸,인천,강아지 일상 공유 #166,서울숲에서 간식 만들기를 했어요. 혼자보다 함께 하니까 하루가 더 특별했어요. 작은 행복이 큰 힘이 되네요.,#강아지스타그램,127,11,2024-09-13
puppy_95c770,코코,광주,강아지 일상 공유 #167,한강 공원에서 산책를 했어요. 오늘 날씨가 좋아서 기분도 좋았어요. 작은 행복이 큰 힘이 되네요.,#일상공유,236,8,2024-09-14
waggy_d98632,초코,서울,강아지 일상 공유 #168,강아지 놀이터에서 목욕를 했어요. 혼자보다 함께 하니까 하루가 더 특별했어요. 이런 일상이 계속되면 좋겠어요.,#간식만들기 #행복,161,6,2024-09-15
waggy_ae3a02,뽀삐,부산,강아지 일상 공유 #169,서울숲에서 산책를 했어요. 강아지가 너무 신나했어요. 보는 내내 웃음이 절로 나왔어요. 공감하는 분 계실까요?,#산책 #공원 #셀카,270,3,2024-09-16
snugg_396179,몽이,서울,강아지 일상 공유 #170,강아지 놀이터에서 병원 다녀오기를 했어요. 강아지와 눈이 마주쳤을 때 마음이 따뜻해졌어요. 더 많은 추억을 만들고 싶어졌어요.,#반려견과함께,121,29,2024-09-17
snugg_e35006,초코,인천,강아지 일상 공유 #171,강아지 놀이터에서 산책를 했어요. 오늘 날씨가 좋아서 기분도 좋았어요. 이런 일상이 계속되면 좋겠어요.,#산책 #날씨좋음,131,10,2024-09-18
sweet_edbe91,루루,광주,강아지 일상 공유 #172,우리 동네 놀이터에서 병원 다녀오기를 했어요. 오늘 날씨가 좋아서 기분도 좋았어요. 더 많은 추억을 만들고 싶어졌어요.,#산책 #공원 #셀카,74,27,2024-09-19
doglo_3ddf52,몽이,광주,강아지 일상 공유 #173,반려동물 카페에서 목욕를 했어요. 작은 일이지만 소중한 추억이 되었어요. 이런 일상이 계속되면 좋겠어요.,#일상공유,125,5,2024-09-20
sniff_78b103,밤비,인천,강아지 일상 공유 #174,우리 동네 놀이터에서 간식 만들기를 했어요. 작은 일이지만 소중한 추억이 되었어요. 이런 일상이 계속되면 좋겠어요.,#애견카페 #친구들,145,22,2024-09-21
puppy_a6ae39,밀크,경기,강아지 일상 공유 #175,반려동물 카페에서 공놀이를 했어요. 강아지와 눈이 마주쳤을 때 마음이 따뜻해졌어요. 더 많은 추억을 만들고 싶어졌어요.,#장난감 #하루일기,181,11,2024-09-22
puppy_638e98,푸푸,부산,강아지 일상 공유 #176,서울숲에서 간식 만들기를 했어요. 강아지가 너무 신나했어요. 보는 내내 웃음이 절로 나왔어요. 다들 반려동물과의 소중한 순간 놓치지 마세요.,#산책 #공원 #셀카,286,21,2024-09-23
sweet_15c718,초코,경기,강아지 일상 공유 #177,우리 동네 놀이터에서 목욕를 했어요. 혼자보다 함께 하니까 하루가 더 특별했어요. 공감하는 분 계실까요?,#목욕 #강아지케어,91,1,2024-09-24
barkl_abbc88,코코,부산,강아지 일상 공유 #178,서울숲에서 산책를 했어요. 강아지가 너무 신나했어요. 보는 내내 웃음이 절로 나왔어요. 공감하는 분 계실까요?,#장난감 #하루일기,91,2,2024-09-25
sniff_4d6547,밀크,광주,강아지 일상 공유 #179,우리 동네 놀이터에서 간식 만들기를 했어요. 혼자보다 함께 하니까 하루가 더 특별했어요. 공감하는 분 계실까요?,#반려견과함께,70,21,2024-09-26
sweet_a5bb86,루루,부산,강아지 일상 공유 #180,한강 공원에서 목욕를 했어요. 혼자보다 함께 하니까 하루가 더 특별했어요. 다들 반려동물과의 소중한 순간 놓치지 마세요.,#애견카페 #친구들,186,24,2024-09-27
sweet_e9e251,뽀삐,부산,강아지 일상 공유 #181,강아지 놀이터에서 병원 다녀오기를 했어요. 강아지와 눈이 마주쳤을 때 마음이 따뜻해졌어요. 다들 반려동물과의 소중한 순간 놓치지 마세요.,#목욕 #강아지케어,281,3,2024-09-28
sniff_8f2144,보리,광주,강아지 일상 공유 #182,강아지 놀이터에서 산책를 했어요. 강아지가 너무 신나했어요. 보는 내내 웃음이 절로 나왔어요. 작은 행복이 큰 힘이 되네요.,#일상공유,232,16,2024-09-29
happy_8eb895,푸푸,서울,강아지 일상 공유 #183,한강 공원에서 간식 만들기를 했어요. 혼자보다 함께 하니까 하루가 더 특별했어요. 더 많은 추억을 만들고 싶어졌어요.,#훈련중 #칭찬스티커,22,16,2024-09-30
puppy_b99b41,바둑이,경기,강아지 일상 공유 #184,강아지 놀이터에서 목욕를 했어요. 작은 일이지만 소중한 추억이 되었어요. 작은 행복이 큰 힘이 되네요.,#간식만들기 #행복,253,12,2024-10-01
barkl_483b58,몽이,경기,강아지 일상 공유 #185,강아지 놀이터에서 병원 다녀오기를 했어요. 강아지가 너무 신나했어요. 보는 내내 웃음이 절로 나왔어요. 작은 행복이 큰 힘이 되네요.,#목욕 #강아지케어,212,11,2024-10-02
sniff_d09c09,밀크,광주,강아지 일상 공유 #186,우리 동네 놀이터에서 병원 다녀오기를 했어요. 강아지가 너무 신나했어요. 보는 내내 웃음이 절로 나왔어요. 공감하는 분 계실까요?,#목욕 #강아지케어,184,17,2024-10-03
waggy_ec2b16,루루,경기,강아지 일상 공유 #187,우리 동네 놀이터에서 공놀이를 했어요. 작은 일이지만 소중한 추억이 되었어요. 작은 행복이 큰 힘이 되네요.,#산책 #공원 #셀카,237,26,2024-10-04
sweet_5fcb91,뽀삐,경기,강아지 일상 공유 #188,우리 동네 놀이터에서 간식 만들기를 했어요. 강아지와 눈이 마주쳤을 때 마음이 따뜻해졌어요. 다들 반려동물과의 소중한 순간 놓치지 마세요.,#목욕 #강아지케어,197,11,2024-10-05
happy_03aa21,밀크,대전,강아지 일상 공유 #189,우리 동네 놀이터에서 간식 만들기를 했어요. 혼자보다 함께 하니까 하루가 더 특별했어요. 공감하는 분 계실까요?,#산책 #공원 #셀카,57,28,2024-10-06
happy_8a3c44,뽀삐,대전,강아지 일상 공유 #190,우리 동네 놀이터에서 산책를 했어요. 강아지와 눈이 마주쳤을 때 마음이 따뜻해졌어요. 다들 반려동물과의 소중한 순간 놓치지 마세요.,#장난감 #하루일기,267,0,2024-10-07
sweet_097943,푸푸,대전,강아지 일상 공유 #191,반려동물 카페에서 병원 다녀오기를 했어요. 강아지가 너무 신나했어요. 보는 내내 웃음이 절로 나왔어요. 더 많은 추억을 만들고 싶어졌어요.,#산책 #공원 #셀카,52,11,2024-10-08
barkl_d52198,푸푸,인천,강아지 일상 공유 #192,한강 공원에서 간식 만들기를 했어요. 강아지가 너무 신나했어요. 보는 내내 웃음이 절로 나왔어요. 공감하는 분 계실까요?,#강아지스타그램,261,13,2024-10-09
doglo_7ef386,코코,대전,강아지 일상 공유 #193,우리 동네 놀이터에서 산책를 했어요. 작은 일이지만 소중한 추억이 되었어요. 공감하는 분 계실까요?,#목욕 #강아지케어,247,15,2024-10-10
sniff_97a247,보리,인천,강아지 일상 공유 #194,서울숲에서 목욕를 했어요. 강아지가 너무 신나했어요. 보는 내내 웃음이 절로 나왔어요. 작은 행복이 큰 힘이 되네요.,#강아지스타그램,232,24,2024-10-11
puppy_1d6410,뽀삐,경기,강아지 일상 공유 #195,서울숲에서 간식 만들기를 했어요. 작은 일이지만 소중한 추억이 되었어요. 이런 일상이 계속되면 좋겠어요.,#간식만들기 #행복,199,17,2024-10-12
happy_d1eb93,뽀삐,인천,강아지 일상 공유 #196,강아지 놀이터에서 병원 다녀오기를 했어요. 작은 일이지만 소중한 추억이 되었어요. 더 많은 추억을 만들고 싶어졌어요.,#장난감 #하루일기,114,7,2024-10-13
puppy_c68c22,몽이,경기,강아지 일상 공유 #197,강아지 놀이터에서 병원 다녀오기를 했어요. 강아지와 눈이 마주쳤을 때 마음이 따뜻해졌어요. 공감하는 분 계실까요?,#간식만들기 #행복,229,7,2024-10-14
snugg_2bd260,코코,부산,강아지 일상 공유 #198,반려동물 카페에서 산책를 했어요. 혼자보다 함께 하니까 하루가 더 특별했어요. 더 많은 추억을 만들고 싶어졌어요.,#산책 #날씨좋음,253,27,2024-10-15
happy_879b09,코코,인천,강아지 일상 공유 #199,반려동물 카페에서 산책를 했어요. 오늘 날씨가 좋아서 기분도 좋았어요. 다들 반려동물과의 소중한 순간 놓치지 마세요.,#훈련중 #칭찬스티커,201,25,2024-10-16
doglo_869278,밤비,대전,강아지 일상 공유 #200,우리 동네 놀이터에서 공놀이를 했어요. 강아지와 눈이 마주쳤을 때 마음이 따뜻해졌어요. 이런 일상이 계속되면 좋겠어요.,#강아지스타그램,20,19,2024-10-17
sniff_3f0782,바둑이,인천,강아지 일상 공유 #201,반려동물 카페에서 간식 만들기를 했어요. 혼자보다 함께 하니까 하루가 더 특별했어요. 공감하는 분 계실까요?,#목욕 #강아지케어,28,12,2024-10-18
snugg_97ad42,푸푸,서울,강아지 일상 공유 #202,한강 공원에서 산책를 했어요. 오늘 날씨가 좋아서 기분도 좋았어요. 작은 행복이 큰 힘이 되네요.,#애견카페 #친구들,203,22,2024-10-19
sniff_194d77,초코,대전,강아지 일상 공유 #203,서울숲에서 병원 다녀오기를 했어요. 강아지와 눈이 마주쳤을 때 마음이 따뜻해졌어요. 더 많은 추억을 만들고 싶어졌어요.,#산책 #날씨좋음,48,9,2024-10-20
snugg_e7d302,밀크,인천,강아지 일상 공유 #204,반려동물 카페에서 병원 다녀오기를 했어요. 강아지가 너무 신나했어요. 보는 내내 웃음이 절로 나왔어요. 공감하는 분 계실까요?,#목욕 #강아지케어,266,15,2024-10-21
waggy_642577,초코,서울,강아지 일상 공유 #205,우리 동네 놀이터에서 간식 만들기를 했어요. 작은 일이지만 소중한 추억이 되었어요. 더 많은 추억을 만들고 싶어졌어요.,#강아지스타그램,161,23,2024-10-22
doglo_05ca09,뽀삐,광주,강아지 일상 공유 #206,반려동물 카페에서 공놀이를 했어요. 혼자보다 함께 하니까 하루가 더 특별했어요. 이런 일상이 계속되면 좋겠어요.,#강아지스타그램,128,0,2024-10-23
sniff_d35a01,루루,광주,강아지 일상 공유 #207,강아지 놀이터에서 산책를 했어요. 혼자보다 함께 하니까 하루가 더 특별했어요. 공감하는 분 계실까요?,#애견카페 #친구들,197,23,2024-10-24
barkl_d59954,몽이,부산,강아지 일상 공유 #208,한강 공원에서 산책를 했어요. 강아지가 너무 신나했어요. 보는 내내 웃음이 절로 나왔어요. 작은 행복이 큰 힘이 되네요.,#목욕 #강아지케어,296,6,2024-10-25
waggy_245076,보리,광주,강아지 일상 공유 #209,우리 동네 놀이터에서 목욕를 했어요. 작은 일이지만 소중한 추억이 되었어요. 다들 반려동물과의 소중한 순간 놓치지 마세요.,#강아지스타그램,180,27,2024-10-26
puppy_2e1058,초코,광주,강아지 일상 공유 #210,반려동물 카페에서 간식 만들기를 했어요. 혼자보다 함께 하니까 하루가 더 특별했어요. 공감하는 분 계실까요?,#목욕 #강아지케어,84,4,2024-10-27
snugg_c57971,보리,광주,강아지 일상 공유 #211,한강 공원에서 간식 만들기를 했어요. 작은 일이지만 소중한 추억이 되었어요. 작은 행복이 큰 힘이 되네요.,#산책 #날씨좋음,130,17,2024-10-28
snugg_849f91,푸푸,부산,강아지 일상 공유 #212,한강 공원에서 목욕를 했어요. 오늘 날씨가 좋아서 기분도 좋았어요. 이런 일상이 계속되면 좋겠어요.,#목욕 #강아지케어,199,23,2024-10-29
barkl_196418,루루,경기,강아지 일상 공유 #213,한강 공원에서 목욕를 했어요. 오늘 날씨가 좋아서 기분도 좋았어요. 다들 반려동물과의 소중한 순간 놓치지 마세요.,#간식만들기 #행복,149,21,2024-10-30
waggy_34da59,밤비,부산,강아지 일상 공유 #214,서울숲에서 병원 다녀오기를 했어요. 강아지가 너무 신나했어요. 보는 내내 웃음이 절로 나왔어요. 더 많은 추억을 만들고 싶어졌어요.,#반려견과함께,184,13,2024-10-31
puppy_51c046,루루,경기,강아지 일상 공유 #215,서울숲에서 목욕를 했어요. 강아지와 눈이 마주쳤을 때 마음이 따뜻해졌어요. 공감하는 분 계실까요?,#반려견과함께,105,0,2024-11-01
sweet_6d1367,바둑이,대전,강아지 일상 공유 #216,강아지 놀이터에서 공놀이를 했어요. 작은 일이지만 소중한 추억이 되었어요. 다들 반려동물과의 소중한 순간 놓치지 마세요.,#일상공유,83,25,2024-11-02
happy_9ff629,코코,서울,강아지 일상 공유 #217,서울숲에서 간식 만들기를 했어요. 작은 일이지만 소중한 추억이 되었어요. 이런 일상이 계속되면 좋겠어요.,#산책 #날씨좋음,157,20,2024-11-03
doglo_7ed724,몽이,인천,강아지 일상 공유 #218,반려동물 카페에서 공놀이를 했어요. 작은 일이지만 소중한 추억이 되었어요. 더 많은 추억을 만들고 싶어졌어요.,#훈련중 #칭찬스티커,80,25,2024-11-04
snugg_2e3092,뽀삐,부산,강아지 일상 공유 #219,강아지 놀이터에서 간식 만들기를 했어요. 오늘 날씨가 좋아서 기분도 좋았어요. 다들 반려동물과의 소중한 순간 놓치지 마세요.,#일상공유,143,29,2024-11-05
happy_06c638,밤비,인천,강아지 일상 공유 #220,서울숲에서 목욕를 했어요. 오늘 날씨가 좋아서 기분도 좋았어요. 더 많은 추억을 만들고 싶어졌어요.,#산책 #공원 #셀카,184,1,2024-11-06
snugg_e8b887,밤비,부산,강아지 일상 공유 #221,한강 공원에서 병원 다녀오기를 했어요. 강아지가 너무 신나했어요. 보는 내내 웃음이 절로 나왔어요. 작은 행복이 큰 힘이 되네요.,#애견카페 #친구들,45,5,2024-11-07
sweet_07f723,바둑이,대전,강아지 일상 공유 #222,우리 동네 놀이터에서 공놀이를 했어요. 작은 일이지만 소중한 추억이 되었어요. 이런 일상이 계속되면 좋겠어요.,#산책 #공원 #셀카,80,14,2024-11-08
doglo_140955,몽이,광주,강아지 일상 공유 #223,우리 동네 놀이터에서 간식 만들기를 했어요. 강아지와 눈이 마주쳤을 때 마음이 따뜻해졌어요. 작은 행복이 큰 힘이 되네요.,#장난감 #하루일기,43,27,2024-11-09
snugg_c74c95,보리,광주,강아지 일상 공유 #224,반려동물 카페에서 간식 만들기를 했어요. 강아지와 눈이 마주쳤을 때 마음이 따뜻해졌어요. 공감하는 분 계실까요?,#목욕 #강아지케어,149,8,2024-11-10
waggy_ff6259,푸푸,부산,강아지 일상 공유 #225,반려동물 카페에서 산책를 했어요. 혼자보다 함께 하니까 하루가 더 특별했어요. 작은 행복이 큰 힘이 되네요.,#애견카페 #친구들,136,11,2024-11-11
barkl_79b096,밀크,광주,강아지 일상 공유 #226,강아지 놀이터에서 병원 다녀오기를 했어요. 강아지가 너무 신나했어요. 보는 내내 웃음이 절로 나왔어요. 작은 행복이 큰 힘이 되네요.,#훈련중 #칭찬스티커,28,24,2024-11-12
doglo_353b37,루루,광주,강아지 일상 공유 #227,반려동물 카페에서 병원 다녀오기를 했어요. 오늘 날씨가 좋아서 기분도 좋았어요. 다들 반려동물과의 소중한 순간 놓치지 마세요.,#애견카페 #친구들,171,2,2024-11-13
puppy_999e93,밀크,부산,강아지 일상 공유 #228,우리 동네 놀이터에서 산책를 했어요. 강아지가 너무 신나했어요. 보는 내내 웃음이 절로 나왔어요. 작은 행복이 큰 힘이 되네요.,#반려견과함께,227,22,2024-11-14
doglo_0b0611,몽이,부산,강아지 일상 공유 #229,한강 공원에서 공놀이를 했어요. 혼자보다 함께 하니까 하루가 더 특별했어요. 다들 반려동물과의 소중한 순간 놓치지 마세요.,#산책 #날씨좋음,164,18,2024-11-15
barkl_465058,바둑이,경기,강아지 일상 공유 #230,반려동물 카페에서 간식 만들기를 했어요. 작은 일이지만 소중한 추억이 되었어요. 더 많은 추억을 만들고 싶어졌어요.,#반려견과함께,20,12,2024-11-16
waggy_8e4891,푸푸,대전,강아지 일상 공유 #231,서울숲에서 병원 다녀오기를 했어요. 작은 일이지만 소중한 추억이 되었어요. 공감하는 분 계실까요?,#산책 #날씨좋음,98,28,2024-11-17
sniff_074c54,보리,대전,강아지 일상 공유 #232,서울숲에서 간식 만들기를 했어요. 강아지와 눈이 마주쳤을 때 마음이 따뜻해졌어요. 다들 반려동물과의 소중한 순간 놓치지 마세요.,#일상공유,276,0,2024-11-18
doglo_d7f498,밤비,인천,강아지 일상 공유 #233,반려동물 카페에서 공놀이를 했어요. 작은 일이지만 소중한 추억이 되었어요. 작은 행복이 큰 힘이 되네요.,#산책 #날씨좋음,128,19,2024-11-19
barkl_177d19,보리,광주,강아지 일상 공유 #234,서울숲에서 공놀이를 했어요. 혼자보다 함께 하니까 하루가 더 특별했어요. 공감하는 분 계실까요?,#목욕 #강아지케어,213,11,2024-11-20
barkl_37a092,보리,광주,강아지 일상 공유 #235,반려동물 카페에서 산책를 했어요. 혼자보다 함께 하니까 하루가 더 특별했어요. 이런 일상이 계속되면 좋겠어요.,#목욕 #강아지케어,204,25,2024-11-21
waggy_539f30,초코,경기,강아지 일상 공유 #236,강아지 놀이터에서 공놀이를 했어요. 강아지가 너무 신나했어요. 보는 내내 웃음이 절로 나왔어요. 공감하는 분 계실까요?,#일상공유,97,25,2024-11-22
sniff_bd5438,코코,대전,강아지 일상 공유 #237,반려동물 카페에서 병원 다녀오기를 했어요. 작은 일이지만 소중한 추억이 되었어요. 공감하는 분 계실까요?,#강아지스타그램,220,19,2024-11-23
sniff_011b19,초코,인천,강아지 일상 공유 #238,강아지 놀이터에서 간식 만들기를 했어요. 작은 일이지만 소중한 추억이 되었어요. 공감하는 분 계실까요?,#장난감 #하루일기,38,26,2024-11-24
puppy_cf1742,보리,부산,강아지 일상 공유 #239,서울숲에서 산책를 했어요. 강아지와 눈이 마주쳤을 때 마음이 따뜻해졌어요. 이런 일상이 계속되면 좋겠어요.,#산책 #공원 #셀카,220,19,2024-11-25
happy_32bf96,루루,광주,강아지 일상 공유 #240,서울숲에서 목욕를 했어요. 오늘 날씨가 좋아서 기분도 좋았어요. 작은 행복이 큰 힘이 되네요.,#반려견과함께,173,10,2024-11-26
waggy_a7d993,뽀삐,대전,강아지 일상 공유 #241,서울숲에서 병원 다녀오기를 했어요. 혼자보다 함께 하니까 하루가 더 특별했어요. 다들 반려동물과의 소중한 순간 놓치지 마세요.,#간식만들기 #행복,21,27,2024-11-27
sweet_1af841,바둑이,광주,강아지 일상 공유 #242,강아지 놀이터에서 병원 다녀오기를 했어요. 작은 일이지만 소중한 추억이 되었어요. 더 많은 추억을 만들고 싶어졌어요.,#반려견과함께,125,7,2024-11-28
happy_9ee426,몽이,경기,강아지 일상 공유 #243,반려동물 카페에서 산책를 했어요. 강아지와 눈이 마주쳤을 때 마음이 따뜻해졌어요. 이런 일상이 계속되면 좋겠어요.,#훈련중 #칭찬스티커,233,2,2024-11-29
doglo_bc8898,바둑이,대전,강아지 일상 공유 #244,우리 동네 놀이터에서 병원 다녀오기를 했어요. 혼자보다 함께 하니까 하루가 더 특별했어요. 더 많은 추억을 만들고 싶어졌어요.,#목욕 #강아지케어,172,7,2024-11-30
sweet_d10945,밀크,부산,강아지 일상 공유 #245,한강 공원에서 간식 만들기를 했어요. 강아지와 눈이 마주쳤을 때 마음이 따뜻해졌어요. 다들 반려동물과의 소중한 순간 놓치지 마세요.,#목욕 #강아지케어,113,23,2024-12-01
barkl_d71499,푸푸,광주,강아지 일상 공유 #246,강아지 놀이터에서 산책를 했어요. 강아지가 너무 신나했어요. 보는 내내 웃음이 절로 나왔어요. 작은 행복이 큰 힘이 되네요.,#일상공유,162,0,2024-12-02
snugg_095341,루루,경기,강아지 일상 공유 #247,한강 공원에서 간식 만들기를 했어요. 혼자보다 함께 하니까 하루가 더 특별했어요. 작은 행복이 큰 힘이 되네요.,#반려견과함께,99,17,2024-12-03
snugg_696095,바둑이,인천,강아지 일상 공유 #248,한강 공원에서 간식 만들기를 했어요. 오늘 날씨가 좋아서 기분도 좋았어요. 다들 반려동물과의 소중한 순간 놓치지 마세요.,#장난감 #하루일기,203,16,2024-12-04
waggy_76b766,푸푸,광주,강아지 일상 공유 #249,서울숲에서 병원 다녀오기를 했어요. 혼자보다 함께 하니까 하루가 더 특별했어요. 더 많은 추억을 만들고 싶어졌어요.,#장난감 #하루일기,289,5,2024-12-05
snugg_204085,보리,부산,강아지 일상 공유 #250,강아지 놀이터에서 공놀이를 했어요. 강아지와 눈이 마주쳤을 때 마음이 따뜻해졌어요. 다들 반려동물과의 소중한 순간 놓치지 마세요.,#장난감 #하루일기,278,27,2024-12-06
puppy_776928,바둑이,광주,강아지 일상 공유 #251,서울숲에서 공놀이를 했어요. 오늘 날씨가 좋아서 기분도 좋았어요. 더 많은 추억을 만들고 싶어졌어요.,#장난감 #하루일기,18,2,2024-12-07
puppy_cdb697,바둑이,경기,강아지 일상 공유 #252,우리 동네 놀이터에서 병원 다녀오기를 했어요. 혼자보다 함께 하니까 하루가 더 특별했어요. 더 많은 추억을 만들고 싶어졌어요.,#일상공유,229,11,2024-12-08
waggy_b97f57,푸푸,경기,강아지 일상 공유 #253,반려동물 카페에서 공놀이를 했어요. 혼자보다 함께 하니까 하루가 더 특별했어요. 작은 행복이 큰 힘이 되네요.,#반려견과함께,188,28,2024-12-09
sweet_c7d861,코코,대전,강아지 일상 공유 #254,우리 동네 놀이터에서 병원 다녀오기를 했어요. 혼자보다 함께 하니까 하루가 더 특별했어요. 더 많은 추억을 만들고 싶어졌어요.,#애견카페 #친구들,285,15,2024-12-10
sniff_9c5e30,보리,부산,강아지 일상 공유 #255,한강 공원에서 공놀이를 했어요. 작은 일이지만 소중한 추억이 되었어요. 이런 일상이 계속되면 좋겠어요.,#장난감 #하루일기,142,5,2024-12-11
snugg_1c1081,뽀삐,광주,강아지 일상 공유 #256,우리 동네 놀이터에서 공놀이를 했어요. 강아지가 너무 신나했어요. 보는 내내 웃음이 절로 나왔어요. 다들 반려동물과의 소중한 순간 놓치지 마세요.,#목욕 #강아지케어,16,6,2024-12-12
sweet_325006,초코,서울,강아지 일상 공유 #257,서울숲에서 목욕를 했어요. 강아지가 너무 신나했어요. 보는 내내 웃음이 절로 나왔어요. 공감하는 분 계실까요?,#장난감 #하루일기,81,10,2024-12-13
barkl_847832,루루,부산,강아지 일상 공유 #258,강아지 놀이터에서 공놀이를 했어요. 강아지와 눈이 마주쳤을 때 마음이 따뜻해졌어요. 작은 행복이 큰 힘이 되네요.,#간식만들기 #행복,223,29,2024-12-14
sweet_36e669,초코,서울,강아지 일상 공유 #259,강아지 놀이터에서 간식 만들기를 했어요. 작은 일이지만 소중한 추억이 되었어요. 이런 일상이 계속되면 좋겠어요.,#간식만들기 #행복,46,5,2024-12-15
puppy_de4895,보리,광주,강아지 일상 공유 #260,한강 공원에서 간식 만들기를 했어요. 강아지와 눈이 마주쳤을 때 마음이 따뜻해졌어요. 작은 행복이 큰 힘이 되네요.,#목욕 #강아지케어,210,25,2024-12-16
puppy_1b7966,루루,대전,강아지 일상 공유 #261,우리 동네 놀이터에서 간식 만들기를 했어요. 작은 일이지만 소중한 추억이 되었어요. 작은 행복이 큰 힘이 되네요.,#산책 #공원 #셀카,134,28,2024-12-17
doglo_af1c55,코코,서울,강아지 일상 공유 #262,반려동물 카페에서 산책를 했어요. 오늘 날씨가 좋아서 기분도 좋았어요. 공감하는 분 계실까요?,#일상공유,137,14,2024-12-18
snugg_75f763,몽이,광주,강아지 일상 공유 #263,우리 동네 놀이터에서 산책를 했어요. 강아지와 눈이 마주쳤을 때 마음이 따뜻해졌어요. 공감하는 분 계실까요?,#장난감 #하루일기,298,25,2024-12-19
waggy_7c6011,푸푸,대전,강아지 일상 공유 #264,서울숲에서 간식 만들기를 했어요. 강아지가 너무 신나했어요. 보는 내내 웃음이 절로 나왔어요. 공감하는 분 계실까요?,#장난감 #하루일기,174,26,2024-12-20
sweet_782112,푸푸,인천,강아지 일상 공유 #265,우리 동네 놀이터에서 목욕를 했어요. 혼자보다 함께 하니까 하루가 더 특별했어요. 작은 행복이 큰 힘이 되네요.,#훈련중 #칭찬스티커,266,6,2024-12-21
puppy_4b6e31,몽이,부산,강아지 일상 공유 #266,반려동물 카페에서 병원 다녀오기를 했어요. 강아지가 너무 신나했어요. 보는 내내 웃음이 절로 나왔어요. 더 많은 추억을 만들고 싶어졌어요.,#산책 #공원 #셀카,259,11,2024-12-22
sniff_ca5e17,코코,경기,강아지 일상 공유 #267,강아지 놀이터에서 목욕를 했어요. 오늘 날씨가 좋아서 기분도 좋았어요. 이런 일상이 계속되면 좋겠어요.,#장난감 #하루일기,150,12,2024-12-23
doglo_eb7898,바둑이,인천,강아지 일상 공유 #268,한강 공원에서 간식 만들기를 했어요. 오늘 날씨가 좋아서 기분도 좋았어요. 이런 일상이 계속되면 좋겠어요.,#산책 #날씨좋음,249,15,2024-12-24
snugg_ccc968,뽀삐,광주,강아지 일상 공유 #269,서울숲에서 간식 만들기를 했어요. 작은 일이지만 소중한 추억이 되었어요. 이런 일상이 계속되면 좋겠어요.,#일상공유,256,2,2024-12-25
barkl_d9f873,바둑이,부산,강아지 일상 공유 #270,강아지 놀이터에서 공놀이를 했어요. 강아지가 너무 신나했어요. 보는 내내 웃음이 절로 나왔어요. 작은 행복이 큰 힘이 되네요.,#반려견과함께,231,11,2024-12-26
barkl_3fa453,바둑이,경기,강아지 일상 공유 #271,서울숲에서 목욕를 했어요. 오늘 날씨가 좋아서 기분도 좋았어요. 작은 행복이 큰 힘이 되네요.,#훈련중 #칭찬스티커,30,29,2024-12-27
doglo_c6d744,몽이,광주,강아지 일상 공유 #272,우리 동네 놀이터에서 산책를 했어요. 혼자보다 함께 하니까 하루가 더 특별했어요. 다들 반려동물과의 소중한 순간 놓치지 마세요.,#간식만들기 #행복,287,18,2024-12-28
doglo_9e3440,바둑이,부산,강아지 일상 공유 #273,한강 공원에서 간식 만들기를 했어요. 혼자보다 함께 하니까 하루가 더 특별했어요. 다들 반려동물과의 소중한 순간 놓치지 마세요.,#강아지스타그램,96,4,2024-12-29
happy_8bce56,푸푸,서울,강아지 일상 공유 #274,강아지 놀이터에서 산책를 했어요. 오늘 날씨가 좋아서 기분도 좋았어요. 이런 일상이 계속되면 좋겠어요.,#일상공유,194,17,2024-12-30
barkl_b99901,밀크,인천,강아지 일상 공유 #275,서울숲에서 간식 만들기를 했어요. 오늘 날씨가 좋아서 기분도 좋았어요. 다들 반려동물과의 소중한 순간 놓치지 마세요.,#장난감 #하루일기,55,1,2024-12-31
doglo_626f89,초코,인천,강아지 일상 공유 #276,반려동물 카페에서 공놀이를 했어요. 강아지와 눈이 마주쳤을 때 마음이 따뜻해졌어요. 공감하는 분 계실까요?,#산책 #공원 #셀카,289,9,2025-01-01
doglo_d82e82,초코,광주,강아지 일상 공유 #277,한강 공원에서 산책를 했어요. 혼자보다 함께 하니까 하루가 더 특별했어요. 이런 일상이 계속되면 좋겠어요.,#목욕 #강아지케어,237,27,2025-01-02
doglo_778b38,루루,광주,강아지 일상 공유 #278,강아지 놀이터에서 공놀이를 했어요. 작은 일이지만 소중한 추억이 되었어요. 이런 일상이 계속되면 좋겠어요.,#일상공유,185,3,2025-01-03
waggy_8b6317,바둑이,서울,강아지 일상 공유 #279,서울숲에서 간식 만들기를 했어요. 오늘 날씨가 좋아서 기분도 좋았어요. 이런 일상이 계속되면 좋겠어요.,#반려견과함께,93,24,2025-01-04
sniff_9ed160,코코,대전,강아지 일상 공유 #280,한강 공원에서 목욕를 했어요. 혼자보다 함께 하니까 하루가 더 특별했어요. 작은 행복이 큰 힘이 되네요.,#장난감 #하루일기,172,19,2025-01-05
doglo_e49137,바둑이,서울,강아지 일상 공유 #281,서울숲에서 간식 만들기를 했어요. 강아지가 너무 신나했어요. 보는 내내 웃음이 절로 나왔어요. 다들 반려동물과의 소중한 순간 놓치지 마세요.,#목욕 #강아지케어,243,6,2025-01-06
happy_d32919,루루,서울,강아지 일상 공유 #282,한강 공원에서 병원 다녀오기를 했어요. 강아지와 눈이 마주쳤을 때 마음이 따뜻해졌어요. 이런 일상이 계속되면 좋겠어요.,#강아지스타그램,242,16,2025-01-07
waggy_9f0018,코코,광주,강아지 일상 공유 #283,반려동물 카페에서 공놀이를 했어요. 작은 일이지만 소중한 추억이 되었어요. 작은 행복이 큰 힘이 되네요.,#목욕 #강아지케어,130,15,2025-01-08
barkl_d5be12,밤비,부산,강아지 일상 공유 #284,서울숲에서 공놀이를 했어요. 작은 일이지만 소중한 추억이 되었어요. 더 많은 추억을 만들고 싶어졌어요.,#목욕 #강아지케어,27,2,2025-01-09
puppy_031196,푸푸,대전,강아지 일상 공유 #285,강아지 놀이터에서 공놀이를 했어요. 오늘 날씨가 좋아서 기분도 좋았어요. 이런 일상이 계속되면 좋겠어요.,#장난감 #하루일기,280,9,2025-01-10
puppy_43fb90,바둑이,서울,강아지 일상 공유 #286,서울숲에서 산책를 했어요. 강아지와 눈이 마주쳤을 때 마음이 따뜻해졌어요. 공감하는 분 계실까요?,#애견카페 #친구들,260,6,2025-01-11
doglo_b43697,코코,경기,강아지 일상 공유 #287,우리 동네 놀이터에서 간식 만들기를 했어요. 혼자보다 함께 하니까 하루가 더 특별했어요. 다들 반려동물과의 소중한 순간 놓치지 마세요.,#산책 #날씨좋음,192,7,2025-01-12
sweet_cd1b15,초코,부산,강아지 일상 공유 #288,서울숲에서 목욕를 했어요. 오늘 날씨가 좋아서 기분도 좋았어요. 다들 반려동물과의 소중한 순간 놓치지 마세요.,#산책 #공원 #셀카,89,0,2025-01-13
puppy_d15396,밀크,인천,강아지 일상 공유 #289,반려동물 카페에서 병원 다녀오기를 했어요. 강아지와 눈이 마주쳤을 때 마음이 따뜻해졌어요. 더 많은 추억을 만들고 싶어졌어요.,#훈련중 #칭찬스티커,134,28,2025-01-14
puppy_1baf07,푸푸,서울,강아지 일상 공유 #290,우리 동네 놀이터에서 산책를 했어요. 혼자보다 함께 하니까 하루가 더 특별했어요. 다들 반려동물과의 소중한 순간 놓치지 마세요.,#산책 #공원 #셀카,243,7,2025-01-15
sweet_115361,밀크,서울,강아지 일상 공유 #291,반려동물 카페에서 병원 다녀오기를 했어요. 강아지와 눈이 마주쳤을 때 마음이 따뜻해졌어요. 다들 반려동물과의 소중한 순간 놓치지 마세요.,#장난감 #하루일기,203,2,2025-01-16
sweet_c65a66,바둑이,광주,강아지 일상 공유 #292,강아지 놀이터에서 목욕를 했어요. 오늘 날씨가 좋아서 기분도 좋았어요. 다들 반려동물과의 소중한 순간 놓치지 마세요.,#일상공유,274,7,2025-01-17
waggy_3d9864,푸푸,인천,강아지 일상 공유 #293,강아지 놀이터에서 간식 만들기를 했어요. 오늘 날씨가 좋아서 기분도 좋았어요. 다들 반려동물과의 소중한 순간 놓치지 마세요.,#산책 #공원 #셀카,218,5,2025-01-18
puppy_a55d01,보리,부산,강아지 일상 공유 #294,강아지 놀이터에서 병원 다녀오기를 했어요. 오늘 날씨가 좋아서 기분도 좋았어요. 더 많은 추억을 만들고 싶어졌어요.,#일상공유,284,10,2025-01-19
snugg_a6da31,몽이,경기,강아지 일상 공유 #295,한강 공원에서 목욕를 했어요. 혼자보다 함께 하니까 하루가 더 특별했어요. 다들 반려동물과의 소중한 순간 놓치지 마세요.,#간식만들기 #행복,33,24,2025-01-20
doglo_9ae725,몽이,인천,강아지 일상 공유 #296,강아지 놀이터에서 병원 다녀오기를 했어요. 작은 일이지만 소중한 추억이 되었어요. 작은 행복이 큰 힘이 되네요.,#강아지스타그램,163,25,2025-01-21
sweet_eade08,몽이,서울,강아지 일상 공유 #297,반려동물 카페에서 공놀이를 했어요. 작은 일이지만 소중한 추억이 되었어요. 이런 일상이 계속되면 좋겠어요.,#강아지스타그램,114,5,2025-01-22
snugg_a0b691,뽀삐,대전,강아지 일상 공유 #298,한강 공원에서 병원 다녀오기를 했어요. 오늘 날씨가 좋아서 기분도 좋았어요. 이런 일상이 계속되면 좋겠어요.,#장난감 #하루일기,218,2,2025-01-23
happy_349825,밀크,대전,강아지 일상 공유 #299,우리 동네 놀이터에서 공놀이를 했어요. 오늘 날씨가 좋아서 기분도 좋았어요. 이런 일상이 계속되면 좋겠어요.,#장난감 #하루일기,98,13,2025-01-24
happy_33eb52,몽이,부산,강아지 일상 공유 #300,강아지 놀이터에서 병원 다녀오기를 했어요. 혼자보다 함께 하니까 하루가 더 특별했어요. 더 많은 추억을 만들고 싶어졌어요.,#간식만들기 #행복,34,7,2025-01-25
